Township,Area,State,Tenure,Median_Price,Transactions,Estimated_Size,Log_Estimated_Size,Log_Transactions,Type_Apartment,Type_Bungalow,Type_Cluster House,Type_Condominium,Type_Flat,Type_Semi D,Type_Service Residence,Type_Terrace House,Type_Town House
SCIENTEX SUNGAI DUA,Tasek Gelugor,Penang,Freehold,331800.0,593,1091.4473684210527,6.996175750450972,6.386879319362645,0,0,0,0,0,0,0,1,0
BANDAR PUTRA,Kulai,Johor,Freehold,590900.0,519,1835.0931677018634,7.51539531482861,6.253828811575473,0,0,1,0,0,0,0,1,0
TAMAN LAGENDA TROPIKA TAPAH,Chenderiang,Perak,Freehold,229954.0,414,1768.876923076923,7.478665288165416,6.028278520230698,0,0,0,0,0,0,0,1,0
SCIENTEX JASIN MUTIARA,Bemban,Melaka,Freehold,255600.0,391,1172.4770642201836,7.067726470336705,5.971261839790462,0,0,0,0,0,0,0,1,0
TAMAN LAGENDA AMAN,Tapah,Perak,Leasehold,219300.0,363,1305.357142857143,7.174997735589317,5.8971538676367405,0,0,0,0,0,0,0,1,0
TAMAN IMPIAN EMAS,Tebrau,Johor,Freehold,738000.0,349,2250.0,7.719129840906732,5.857933154483459,0,0,0,0,0,1,0,1,0
TAMAN KOTA MASAI,Pasir Gudang,Johor,Freehold,345000.0,319,1068.1114551083592,6.974583166683181,5.768320995793772,0,0,0,0,0,0,0,1,0
TAMAN LAGENDA TELUK INTAN,Teluk Intan,Perak,Leasehold,236594.0,309,1877.7301587301588,7.538351380122613,5.736572297479192,0,0,1,0,0,0,0,1,0
BANDAR SCIENTEX JASIN,Jasin,Melaka,Freehold,180000.0,301,957.4468085106383,6.865314066434229,5.71042701737487,0,0,0,0,0,0,0,1,0
BANDAR BUKIT RAJA,Kapar,Selangor,Freehold,793888.0,292,1600.5806451612902,7.378746323798431,5.680172609017068,0,0,0,0,0,0,0,1,0
TAMAN IMPIANA KESANG,Bemban,Melaka,Leasehold,128730.0,288,1399.2391304347825,7.244398308470834,5.666426688112432,0,0,0,0,0,0,0,1,0
TAMAN BUKIT INDAH,Iskandar Puteri (Nusajaya),Johor,Freehold,695000.0,259,1635.2941176470588,7.4001892795173445,5.560681631015528,0,0,0,0,0,0,0,1,0
TAMAN NUSA SERI CENGAL 2 & 3,Nilai,Negeri Sembilan,Leasehold,359000.0,210,1850.5154639175257,7.523759752421152,5.351858133476067,0,0,0,0,0,0,0,1,0
BANDAR DATO' ONN,Tebrau,Johor,Freehold,750000.0,203,1666.6666666666667,7.419180722820095,5.318119993844216,0,0,0,0,0,1,0,1,0
TAMAN UNIVERSITI,Skudai,Johor,Freehold,394000.0,202,1283.3876221498372,7.158037325100904,5.313205979041787,0,0,0,0,0,0,0,1,0
TAMAN JOHOR JAYA,Johor Bahru,Johor,Freehold,450000.0,195,1380.3680981595091,7.230829662541028,5.278114659230517,0,0,0,0,0,0,0,1,0
TAMAN PUTERA INDAH,Batu Pahat,Johor,Freehold,400000.0,193,1869.1588785046729,7.53377866800679,5.267858159063328,0,0,1,0,0,0,0,1,0
TAMAN KIRANA,Kluang,Johor,Leasehold,170800.0,188,1366.4,7.220666405479694,5.241747015059643,0,0,0,0,0,0,0,1,0
TAMAN BESTARI INDAH,Ulu Tiram,Johor,Freehold,832000.0,184,1766.4543524416135,7.477295571378736,5.220355825078324,0,0,0,0,0,0,0,1,0
TAMAN MUTIARA RINI,Skudai,Johor,Leasehold,672000.0,183,1696.969696969697,7.437188520404447,5.214935757608986,0,0,0,0,0,0,0,1,0
TAMAN BUKIT PERDANA,Kluang,Johor,Freehold,343400.0,181,2452.8571428571427,7.805416409581712,5.204006687076795,0,0,1,0,0,0,0,0,0
TAMAN SCIENTEX,Pasir Gudang,Johor,Freehold,380000.0,177,981.9121447028424,6.890519741486525,5.181783550292085,0,0,1,0,0,0,0,1,0
BANDAR BARU PERMAS JAYA,Permas Jaya,Johor,Freehold,500000.0,173,1275.5102040816328,7.1518852304464025,5.159055299214529,0,0,0,0,0,0,0,1,0
TAMAN DAYA,Tebrau,Johor,Freehold,504000.0,172,1522.6586102719034,7.328869702144889,5.153291594497779,0,0,1,0,0,0,0,1,0
HORIZON HILLS,Iskandar Puteri (Nusajaya),Johor,Freehold,1180000.0,171,2360.0,7.766840537085513,5.147494476813453,0,0,0,0,0,0,0,1,0
BUKIT SENTOSA,Serendah,Selangor,Freehold,290000.0,166,1250.0,7.1316985104669115,5.117993812416755,0,1,0,0,0,0,0,1,0
D'Summit Residences,Skudai,Johor,Freehold,452900.0,165,752.3255813953489,6.624497513362113,5.111987788356544,0,0,0,0,0,0,1,0,0
BANDAR BARU SRI KLEBANG,Chemor,Perak,Freehold,472800.0,164,2011.9148936170213,7.607339146364029,5.10594547390058,0,0,0,0,0,1,0,1,0
TAMAN DESA TEBRAU,Tebrau,Johor,Freehold,930000.0,163,1978.723404255319,7.5907124191098045,5.099866427824199,0,0,1,0,0,0,0,1,0
TAMAN PAGOH JAYA - TR 428,Pagoh,Johor,Freehold,80000.0,156,1081.081081081081,6.986641392902984,5.056245805348308,0,0,0,0,0,0,0,1,0
BANDAR BARU KANGKAR PULAI,Kulai,Johor,Freehold and Leasehold,553200.0,155,1862.6262626262626,7.53027947225924,5.049856007249537,0,0,1,0,0,0,0,1,0
TAMAN AROWANA [LENGGENG],Lenggeng,Negeri Sembilan,Leasehold,476240.0,152,1536.258064516129,7.33775563088658,5.030437921392435,0,0,0,0,0,0,0,1,0
TAMAN PERLING,Perling,Johor,Freehold,527500.0,152,1844.4055944055945,7.52045436668077,5.030437921392435,0,0,0,0,0,0,0,1,0
LAYANGGKASA,Pasir Gudang,Johor,Freehold,551650.0,149,1436.5885416666667,7.270722364977559,5.0106352940962555,0,0,0,0,0,0,0,1,0
INDAHPURA,Kulai,Johor,Freehold,680000.0,145,1803.7135278514588,7.498157147839562,4.983606621708336,0,0,0,0,0,0,0,1,0
TAMAN BUNGA RAYA,Serendah,Selangor,Leasehold,200000.0,144,1075.268817204301,6.981255539634905,4.976733742420574,0,0,0,0,0,0,0,1,0
TAMAN SEPADU JAYA (D'HALONA PLACE),Penaga,Penang,Freehold,307000.0,141,1108.3032490974729,7.011487393702258,4.955827057601261,0,0,0,0,0,0,0,1,0
TAMAN SENTOSA,Klang,Selangor,Freehold,450000.0,141,1260.5042016806722,7.140060098777644,4.955827057601261,0,0,0,0,0,0,0,1,0
TAMAN ANJUNG SUNGAI PETAI,Sungei Petai,Melaka,Freehold,298800.0,140,1540.2061855670104,7.340320626218521,4.948759890378168,0,0,0,0,0,1,0,1,0
SEKSYEN 30 SHAH ALAM,Shah Alam,Selangor,Freehold,495000.0,140,1607.142857142857,7.382835287299491,4.948759890378168,0,0,0,0,0,1,0,1,0
TAMAN PUTERI WANGSA,Ulu Tiram,Johor,Freehold,450000.0,138,1530.6122448979593,7.334076214411843,4.9344739331306915,0,0,0,0,0,0,0,1,0
TAMAN SERAI RESIDENSI,Padang Serai,Kedah,Freehold,199800.0,136,1397.2027972027972,7.242942974650049,4.919980925828125,0,0,0,0,0,1,0,1,0
TANJUNG PUTERI RESORT,Pasir Gudang,Johor,Freehold,397800.0,135,1541.860465116279,7.341393417370786,4.912654885736052,0,1,0,0,0,0,0,1,0
BANDAR BARU SETIA AWAN PERDANA,Sitiawan,Perak,Freehold,245000.0,128,1762.589928057554,7.47510674245452,4.859812404361672,0,0,1,0,0,0,0,1,0
TAMAN SRI IMPIAN / BANDAR SRI IMPIAN,Kluang,Johor,Freehold,419444.0,124,2097.22,7.6488446452317485,4.8283137373023015,0,0,0,0,0,0,0,1,0
BANDAR SERI COALFIELDS,Ijok,Selangor,Freehold,913800.0,123,2115.277777777778,7.657414059304628,4.820281565605037,0,0,1,0,0,0,0,1,0
TAMAN TASIK UTAMA,Bukit Katil,Melaka,Leasehold,270000.0,123,1542.857142857143,7.342039202247852,4.820281565605037,0,0,0,0,0,0,0,1,0
PULAU INDAH,Klang,Selangor,Freehold,350000.0,122,1388.888888888889,7.236979086878522,4.812184355372417,0,0,0,0,0,0,0,1,0
TAMAN UNGKU TUN AMINAH,Skudai,Johor,Freehold,530000.0,122,1645.9627329192547,7.406688102671643,4.812184355372417,0,0,0,0,0,0,0,1,0
ELMINA WEST,Shah Alam,Selangor,Freehold,1060888.0,120,1928.8872727272728,7.565216872279793,4.795790545596741,0,0,0,0,0,0,0,1,0
TAMAN SETIA INDAH,Tebrau,Johor,Freehold,610000.0,118,1596.8586387434555,7.37641966105124,4.77912349311153,0,0,0,0,0,0,0,1,0
SEKSYEN 29 SHAH ALAM,Shah Alam,Selangor,Leasehold,472800.0,118,1530.0970873786407,7.333739808002821,4.77912349311153,0,0,0,0,0,0,0,1,0
TAMAN BANANG JAYA,Batu Pahat,Johor,Freehold,618500.0,118,1594.0721649484535,7.374674258677233,4.77912349311153,0,0,0,0,0,0,0,1,0
TAMAN SAUJANA,Kluang,Johor,Freehold,150000.0,117,1401.8691588785048,7.246274817648525,4.770684624465665,0,0,0,0,0,0,0,1,0
Flat Taman Ungku Tun Aminah,Skudai,Johor,Freehold,140000.0,117,494.69964664310953,6.205970192182033,4.770684624465665,0,0,0,0,1,0,0,0,0
MERIDIN EAST,Pasir Gudang,Johor,Freehold,580000.0,115,1400.9661835748793,7.2456309471716,4.7535901911063645,0,0,0,0,0,0,0,1,0
TAMAN SKUDAI BARU,Skudai,Johor,Freehold,435000.0,114,1338.4615384615386,7.200022975217846,4.74493212836325,0,0,0,0,0,0,0,1,0
TAMAN MUTIARA BESTARI,Skudai,Johor,Freehold,1114310.0,114,2307.0600414078676,7.744162641764432,4.74493212836325,0,0,1,0,0,1,0,0,0
BUKIT BERUNTUNG,Serendah,Selangor,Freehold,300000.0,113,1351.3513513513512,7.209600098101058,4.736198448394496,0,0,0,0,0,0,0,1,0
TAMAN RINTING,Masai,Johor,Freehold,430000.0,111,1541.2186379928316,7.340977332653827,4.718498871295094,0,0,0,0,0,0,0,1,0
SETIA TROPIKA,Tampoi,Johor,Freehold,911890.0,110,2096.2988505747126,7.648405534135888,4.709530201312334,0,0,1,0,0,0,0,1,0
CALEDONIA,Ijok,Selangor,Freehold,509800.0,109,1300.5102040816328,7.17128056465101,4.700480365792417,0,0,0,0,0,0,0,1,0
ALAM NUSANTARA,Setia Alam,Selangor,Freehold,872999.0,109,1760.078629032258,7.473681757716483,4.700480365792417,0,0,0,0,0,0,0,1,0
TAMAN SCIENTEX KOTA TINGGI,Kota Tinggi,Johor,Leasehold,80000.0,105,769.2307692307693,6.646690170246266,4.663439094112067,0,0,0,0,0,0,0,1,0
LAMAN ASPIRASI (BANTING),Banting,Selangor,Freehold,180000.0,104,1395.3488372093022,7.241616135494416,4.653960350157523,0,0,0,0,0,1,0,1,0
BANDAR MAHKOTA CHERAS,Cheras,Selangor,Freehold,640000.0,103,1516.5876777251185,7.32487729900766,4.6443908991413725,0,0,0,0,0,1,0,1,1
PRIMA @ SITIAWAN,Sitiawan,Perak,Freehold,270610.0,102,1402.1243523316061,7.246456709340566,4.634728988229636,0,0,0,0,0,0,0,1,0
BANDAR MAHKOTA BANTING (BANDAR BARU BROOKLANDS),Tanjong Duabelas,Selangor,Freehold,400000.0,102,1550.3875968992247,7.346905033245403,4.634728988229636,0,0,0,0,0,0,0,1,0
OUG Parklane,Jalan Klang Lama (Old Klang Road),Kuala Lumpur,Freehold,580000.0,102,949.2635024549918,6.856739317139615,4.634728988229636,0,0,0,0,0,0,1,0,0
ALAM IMPIAN,Shah Alam,Selangor,Freehold,887800.0,99,1819.2622950819673,7.506735887863719,4.605170185988092,0,0,0,0,0,0,0,1,0
Dorsett Residences Bukit Bintang,Bukit Bintang,Kuala Lumpur,Freehold,1482000.0,94,890.625,6.793045640598202,4.553876891600541,0,0,0,0,0,0,1,0,0
BANDAR TASIK PUTERI,Rawang,Selangor,Leasehold,400000.0,93,1423.4875444839859,7.26156741011875,4.543294782270004,0,0,0,0,0,0,0,1,0
BANDAR UTAMA,Bandar Utama,Selangor,Freehold,1510000.0,92,1778.563015312132,7.4841231161311494,4.532599493153256,0,0,0,0,0,0,0,1,0
PERWIRA SERI ISKANDAR,Seri Iskandar,Perak,Leasehold,145000.0,92,1394.2307692307693,7.240815106545976,4.532599493153256,0,0,0,0,0,0,0,1,0
TAMAN AUSTIN DUTA,Tebrau,Johor,Freehold,781000.0,92,1584.1784989858013,7.368452297627146,4.532599493153256,0,0,1,0,0,0,0,1,0
TAMAN PULAI INDAH,Skudai,Johor,Freehold,460000.0,92,1433.0218068535826,7.268238228054806,4.532599493153256,0,0,1,0,0,0,0,1,0
BANDAR BARU LAPANGAN,Ipoh,Perak,Leasehold,588800.0,91,1595.6639566395663,7.375671704432425,4.5217885770490405,0,0,0,0,0,0,0,1,0
TAMAN PUTERIMAS (KLUANG),Kluang,Johor,Freehold,250750.0,89,2107.1428571428573,7.653562676408137,4.499809670330265,0,0,0,0,0,0,0,1,0
D'ART HILLS RESIDENCE,Senai,Johor,Freehold,839000.0,89,1419.6277495769882,7.258854130074878,4.499809670330265,0,0,0,0,0,0,0,1,0
TAMAN DESA BERTAM,Tanjong Minyak,Melaka,Freehold,453000.0,89,2448.6486486486488,7.803699884539922,4.499809670330265,0,0,1,0,0,1,0,0,0
TAMAN REM,Kota Tinggi,Johor,Leasehold,246600.0,89,1541.25,7.340997668089748,4.499809670330265,0,0,0,0,0,0,0,1,0
TAMAN PULAI MUTIARA 2,Skudai,Johor,Freehold,564230.0,88,2239.0079365079364,7.714234687926709,4.48863636973214,0,0,1,0,0,0,0,1,0
KOTA BAYUEMAS,Klang,Selangor,Freehold,804000.0,88,1802.6905829596412,7.497590168705403,4.48863636973214,0,0,0,0,0,1,0,1,0
TAMAN KOTA IMPIAN @ IMPIAN HILLS,Kota Tinggi,Johor,Freehold,713000.0,87,1760.4938271604938,7.473917493466605,4.477336814478207,0,0,0,0,0,0,0,1,0
EKA HEIGHTS - PRECINCT 3B,Labu,Negeri Sembilan,Freehold,400000.0,87,1498.1273408239701,7.3126384450108315,4.477336814478207,0,0,0,0,0,0,0,1,0
BANDAR SPRINGHILL,Jimah,Negeri Sembilan,Freehold,220000.0,86,1229.0502793296089,7.114810325034748,4.465908118654584,0,0,0,0,0,0,0,1,0
TAMAN HIJAUAN VALDOR,Sungai Bakap,Penang,Freehold,675000.0,85,2800.829875518672,7.938028009678493,4.454347296253507,0,0,0,0,0,1,0,1,0
TAMAN SRI GOMBAK,Batu Caves,Selangor,Freehold,450000.0,85,809.3525179856115,6.69746936038086,4.454347296253507,0,0,0,0,0,0,0,1,0
Flora Damansara Apartment,Damansara Perdana,Selangor,Leasehold,380000.0,85,850.1118568232662,6.746543561561141,4.454347296253507,1,0,0,0,0,0,0,0,0
TAMAN KOTA SRI AHMAD SHAH,Kuantan,Pahang,Leasehold,582222.0,84,1743.179640718563,7.4640396041634505,4.442651256490317,0,0,0,0,0,0,0,1,0
TAMAN MESRA IMPIAN,Kampar,Perak,Leasehold,300000.0,83,1401.8691588785048,7.246274817648525,4.430816798843313,0,0,0,0,0,0,0,1,0
S2 HEIGHTS,Seremban 2,Negeri Sembilan,Freehold,775800.0,83,1671.9827586206898,7.4223633952676655,4.430816798843313,0,0,0,0,0,0,0,1,0
TAMAN SERI MAHKOTA,Sitiawan,Perak,Freehold,250000.0,82,1396.6480446927374,7.242546134797917,4.418840607796598,0,0,0,0,0,0,0,1,0
TAMAN KINDING AKASIA,Ipoh,Perak,Leasehold,260000.0,82,1397.8494623655913,7.243405365134247,4.418840607796598,0,0,0,0,0,0,0,1,0
TAMAN SHOREA HARTAMAS,Pasir Panjang,Negeri Sembilan,Freehold,250000.0,82,1366.120218579235,7.220461776221632,4.418840607796598,0,0,0,0,0,0,0,1,0
PRIMA D'MARINA,Kuantan,Pahang,Leasehold,431167.0,82,1591.0221402214022,7.372760273481872,4.418840607796598,0,0,0,0,0,0,0,1,0
BUKIT JELUTONG,Shah Alam,Selangor,Freehold,980000.0,81,2242.562929061785,7.7158204745264625,4.406719247264253,0,1,0,0,0,1,0,1,0
BERIS MERAGA,Kijal,Terengganu,Freehold,320000.0,81,2539.6825396825398,7.840188040325243,4.406719247264253,0,0,0,0,0,1,0,1,0
BAYU SUTERA - PRECINCT 3B,Jimah,Negeri Sembilan,Freehold,675888.0,80,1399.3540372670807,7.244480367395841,4.394449154672439,0,0,0,0,0,0,0,1,0
BANDAR IOI,Segamat,Johor,Freehold,349350.0,80,1679.5673076923076,7.426886698545365,4.394449154672439,0,0,0,0,0,0,0,1,0
BANDAR COUNTRY HOMES,Rawang,Selangor,Freehold,420000.0,79,1341.85303514377,7.2025517602626135,4.382026634673881,0,0,0,0,0,1,0,1,0
Setia Sky 88,Johor Bahru,Johor,Freehold,1386800.0,79,1091.9685039370079,6.996652671601242,4.382026634673881,0,0,0,0,0,0,1,0,0
PER. PERMATANG BADAK PERDANA (PL 177521),Kuantan,Pahang,Leasehold,325000.0,78,1400.8620689655172,7.245556681132433,4.3694478524670215,0,0,0,0,0,0,0,1,0
EKA HEIGHTS - PRECINCT 3A,Labu,Negeri Sembilan,Freehold,380000.0,78,1423.2209737827716,7.261380258151266,4.3694478524670215,0,0,0,0,0,0,0,1,0
TAMAN PUTRI KULAI,Kulai,Johor,Freehold,450000.0,78,1541.0958904109589,7.340897737929743,4.3694478524670215,0,0,0,0,0,0,0,1,0
TAMAN CENTURY,Johor Bahru,Johor,Freehold,609000.0,78,1862.3853211009175,7.530150177503767,4.3694478524670215,0,0,0,0,0,1,0,1,0
BANDAR BARU UDA,Johor Bahru,Johor,Freehold and Leasehold,500000.0,78,1792.1146953405018,7.491709439958853,4.3694478524670215,0,0,0,0,0,0,0,1,0
BANDAR SAUJANA PUTRA,Tanjong Duabelas,Selangor,Leasehold,450000.0,78,1327.4336283185842,7.191755804086258,4.3694478524670215,0,0,0,0,0,0,0,1,0
TAMAN PUNCAK JALIL,Seri Kembangan,Selangor,Leasehold,580000.0,78,1450.0,7.280008252884188,4.3694478524670215,0,0,0,0,0,0,0,1,0
TAMAN NADA EMBUN,Rantau,Negeri Sembilan,Freehold,522000.0,77,1418.4782608695652,7.258044661156492,4.356708826689592,0,0,0,0,0,0,0,1,0
RESIDENSI MESRA,Gurun,Kedah,Freehold,232000.0,76,1645.3900709219859,7.406340334280493,4.343805421853684,0,0,0,0,0,0,0,1,0
TAMAN MEGAH RIA,Masai,Johor,Freehold,436440.0,76,1363.875,7.21881812833423,4.343805421853684,0,0,0,0,0,1,0,1,0
TAMAN SAFFRON,Serendah,Selangor,Freehold,437100.0,75,1224.3697478991596,7.110997912455524,4.330733340286331,0,0,0,0,0,0,0,1,0
SERENIA CITY,Dengkil,Selangor,Freehold,828888.0,75,1558.0601503759399,7.351838450979257,4.330733340286331,0,0,0,0,0,0,0,1,0
PUTRA HEIGHTS,Subang Jaya,Selangor,Freehold,855000.0,75,1908.482142857143,7.554587354884291,4.330733340286331,0,0,0,0,0,0,0,1,0
TAMAN AROWANA,Sungai Petani,Kedah,Freehold,276800.0,74,1203.4782608695652,7.093801773631005,4.31748811353631,0,0,0,0,0,0,0,1,0
KOTA KEMUNING,Shah Alam,Selangor,Freehold,844000.0,74,2023.9808153477218,7.613315505593402,4.31748811353631,0,0,0,0,0,0,0,1,0
BANDAR PUTERI KLANG,Klang,Selangor,Freehold,682500.0,74,1572.5806451612902,7.361108967279641,4.31748811353631,0,0,0,0,0,0,0,1,0
BANDAR PUCHONG JAYA,Puchong,Selangor,Freehold,725000.0,74,1413.2553606237816,7.254358424651847,4.31748811353631,0,0,0,0,0,0,0,1,0
TAMAN PONDEROSA,Johor Bahru,Johor,Freehold,1110900.0,74,2076.448598130841,7.6388957842482235,4.31748811353631,0,0,0,0,0,1,0,0,0
TAMAN DESA JAYA,Johor Bahru,Johor,Freehold,440000.0,73,1301.775147928994,7.172251997328969,4.30406509320417,0,0,0,0,0,0,0,1,0
LAMAN SETIA,Iskandar Puteri (Nusajaya),Johor,Freehold,650000.0,73,1670.9511568123394,7.421746580785144,4.30406509320417,0,0,0,0,0,0,0,1,0
TAMAN PELANGI INDAH,Ulu Tiram,Johor,Freehold,600000.0,73,1948.051948051948,7.575098352847559,4.30406509320417,0,0,0,0,0,1,0,1,0
TAMAN PUTERI,Padang Serai,Kedah,Freehold,204000.0,72,1283.0188679245282,7.157750178787213,4.290459441148391,0,0,0,0,0,0,0,1,0
TAMAN SENGKANG,Pasir Panjang,Negeri Sembilan,Freehold,279000.0,72,1453.125,7.282159624136931,4.290459441148391,0,0,0,0,0,0,0,1,0
Mkh Boulevard,Kajang,Selangor,Leasehold,299000.0,72,594.4333996023856,6.389289543082226,4.290459441148391,0,0,0,0,0,0,1,0,0
LA CASA LUNAS,Lunas,Kedah,Freehold,516888.0,71,2277.0396475770926,7.731070548411022,4.276666119016055,0,0,0,0,0,1,0,0,0
TAMAN RAIA UTAMA,Gopeng,Perak,Freehold,268000.0,71,1395.8333333333333,7.2419630488708515,4.276666119016055,0,0,0,0,0,0,0,1,0
MEKARSARI UNGGUL (FASA III),Kepala Batas,Penang,Freehold,613000.0,71,1674.863387978142,7.424083766966948,4.276666119016055,0,0,0,0,0,0,0,1,0
PUNCAK ALAM,Bandar Puncak Alam,Selangor,Leasehold,400000.0,71,1388.888888888889,7.236979086878522,4.276666119016055,0,0,1,0,0,0,0,1,0
Palmyra Residences,Bangi,Selangor,Freehold,432000.0,71,850.3937007874016,6.746874654714347,4.276666119016055,0,0,0,0,0,0,1,0,0
TAMAN SERI AUSTIN,Tebrau,Johor,Freehold,719000.0,70,1549.5689655172414,7.346377217085173,4.2626798770413155,0,0,1,0,0,0,0,1,0
BANDAR SRI ASTANA,Sungai Petani,Kedah,Freehold,260000.0,70,1468.9265536723165,7.292967715036346,4.2626798770413155,0,0,0,0,0,0,0,1,0
BANDAR BARU SRI DAMANSARA,Bandar Sri Damansara,Selangor,Freehold,894000.0,70,1585.1063829787233,7.369037476224425,4.2626798770413155,0,0,0,0,0,0,0,1,0
TAMAN DESA CEMERLANG,Ulu Tiram,Johor,Freehold,495000.0,70,1386.5546218487395,7.235298211943916,4.2626798770413155,0,0,0,0,0,0,0,1,0
BANDAR DAMAI PERDANA,Cheras,Selangor,Freehold,775000.0,70,1427.255985267035,7.264209388225607,4.2626798770413155,0,0,0,0,0,0,0,1,0
SERELYN AVENUE,Kuantan,Pahang,Leasehold,388000.0,69,1679.6536796536795,7.426938091751414,4.248495242049359,0,0,0,0,0,0,0,1,0
TAMAN PELANGI,Johor Bahru,Johor,Freehold,750000.0,69,2307.6923076923076,7.744436542654315,4.248495242049359,0,0,0,0,0,1,0,1,0
TAMAN SETIA MUTIARA,Kluang,Johor,Freehold,150000.0,69,1401.8691588785048,7.246274817648525,4.248495242049359,0,0,0,0,0,1,0,1,0
BANDAR CEMERLANG,Tebrau,Johor,Freehold,828000.0,69,2400.0,7.783640596221253,4.248495242049359,0,0,1,0,0,1,0,0,0
SETIA IMPIAN 3,Setia Alam,Selangor,Freehold,930000.0,69,1592.4657534246576,7.37366664220797,4.248495242049359,0,0,0,0,0,1,0,1,0
ECO BOTANIC,Iskandar Puteri (Nusajaya),Johor,Freehold,1260000.0,68,2172.4137931034484,7.684054386933933,4.23410650459726,0,0,0,0,0,0,0,1,0
TAMAN PULAI MUTIARA,Skudai,Johor,Freehold,550000.0,68,1291.0798122065728,7.164008456588297,4.23410650459726,0,0,1,0,0,0,0,1,0
GOODVIEW HEIGHTS,Kajang,Selangor,Freehold,768800.0,67,1418.4501845018451,7.258024881603564,4.219507705176107,0,0,0,0,0,0,0,1,1
TAMAN KERSANI,Kuala Pilah,Negeri Sembilan,Freehold,298000.0,67,1552.0833333333333,7.347997481292665,4.219507705176107,0,0,0,0,0,0,0,1,0
IRAMA SENDAYAN 2C,Labu,Negeri Sembilan,Freehold,584999.0,67,1402.8752997601919,7.246991762806598,4.219507705176107,0,0,0,0,0,0,0,1,0
BANDAR SERI BOTANI,Ipoh,Perak,Freehold and Leasehold,496800.0,67,1444.1860465116279,7.275993344169878,4.219507705176107,0,0,0,0,0,1,0,1,0
TAMAN KLANG UTAMA,Kapar,Selangor,Freehold,427500.0,66,1060.7940446650125,6.967715251417523,4.204692619390966,0,0,0,0,0,0,0,1,0
TAMAN DESA PD,Linggi,Negeri Sembilan,Freehold,180000.0,66,1374.0458015267175,7.226242319747148,4.204692619390966,0,0,0,0,0,0,0,1,0
Mentari Court,Bandar Sunway,Selangor,Leasehold,400000.0,66,775.1937984496124,6.654402229273428,4.204692619390966,1,0,0,0,0,0,0,0,0
TAMAN BENTARA,Telok Panglima Garang,Selangor,Leasehold,455000.0,65,1585.3658536585365,7.369201052552939,4.189654742026425,0,0,0,0,0,0,0,1,0
BANDAR TASIK KESUMA,Beranang,Selangor,Freehold,400000.0,64,1365.1877133105802,7.2197794489258635,4.174387269895637,0,0,0,0,0,1,0,1,1
TAMAN POLO LAGUNA @ TAMBUN,Ipoh,Perak,Leasehold,487800.0,64,1397.707736389685,7.243304043898641,4.174387269895637,0,0,0,0,0,0,0,1,0
TAMAN HARMONIS FASA 2,Seri Iskandar,Perak,Leasehold,240000.0,64,1371.4285714285713,7.224337129354425,4.174387269895637,0,0,1,0,0,0,0,1,0
TAMAN TUN DR ISMAIL,Taman Tun Dr Ismail,Kuala Lumpur,Freehold,1585000.0,64,2063.8020833333335,7.632789657379744,4.174387269895637,0,0,0,0,0,0,0,1,0
TAMAN KAMUNTING PUTRA FASA 1,Kamunting,Perak,Leasehold,171000.0,63,1305.3435114503816,7.1749873008640535,4.1588830833596715,0,0,0,0,0,0,0,1,0
BANDAR SUNGAI LONG,Bandar Sungai Long,Selangor,Freehold,690000.0,63,1568.1818181818182,7.358309627588318,4.1588830833596715,0,0,0,0,0,0,0,1,0
BANDAR BARU SRI PETALING,Sri Petaling,Kuala Lumpur,Leasehold,845000.0,63,1653.6203522504893,7.411326867085661,4.1588830833596715,0,0,0,0,0,1,0,1,0
BANDAR AMANJAYA (ZON ANGGERIK),Sungai Petani,Kedah,Freehold,215000.0,63,1295.1807228915663,7.167177313866027,4.1588830833596715,0,0,0,0,0,1,0,1,0
CHEMOR KAYANGAN,Ipoh,Perak,Leasehold,228000.0,62,1461.5384615384614,7.287928877248049,4.143134726391533,0,0,0,0,0,0,0,1,0
BANDAR JAYA PUTRA,Tebrau,Johor,Freehold,1201200.0,62,2187.9781420765025,7.691190112126505,4.143134726391533,0,0,1,0,0,0,0,1,0
BANDAR JAYA PUTRA,Ulu Tiram,Johor,Freehold,620000.0,62,1237.5249500998004,7.121676394144181,4.143134726391533,0,0,0,0,0,0,0,1,0
TAMAN SRI MUDA,Shah Alam,Selangor,Freehold,330000.0,61,1028.03738317757,6.936379064792775,4.127134385045092,0,0,0,0,0,0,0,1,0
TAMAN PENAWAR HARMONI,Pengerang,Johor,Leasehold,80000.0,60,1194.0298507462687,7.085926443757614,4.110873864173311,0,0,0,0,0,0,0,1,0
TAMAN GADONG JAYA,Labu,Negeri Sembilan,Freehold,280000.0,60,1352.657004830918,7.210565101463229,4.110873864173311,0,0,0,0,0,0,0,1,1
TAMAN MOLEK,Johor Bahru,Johor,Freehold,600000.0,60,1863.3540372670807,7.530669911366488,4.110873864173311,0,0,0,0,0,0,0,1,0
ALAM SARI BANGI,Bangi,Selangor,Freehold,857000.0,60,2060.096153846154,7.630993233778981,4.110873864173311,0,0,1,0,0,0,0,1,0
BANDAR SUNGAI BUAYA,Serendah,Selangor,Leasehold,300000.0,60,1595.7446808510638,7.375722261201495,4.110873864173311,0,0,0,0,0,0,0,1,0
Sri Putramas,Jalan Kuching,Kuala Lumpur,Freehold,650000.0,60,1050.0807754442649,6.957574223722235,4.110873864173311,0,0,0,1,0,0,0,0,0
TAMAN RIA,Sungai Petani,Kedah,Freehold,220000.0,59,1447.3684210526317,7.278192975011325,4.0943445622221,0,0,0,0,0,0,0,1,0
KOTA PUTERI BANDAR BARU BATU ARANG,Batu Arang,Selangor,Leasehold,590000.0,59,2169.1176470588234,7.682536660299394,4.0943445622221,0,0,0,0,0,0,0,1,0
TAMAN SAMARINDAH,Kota Samarahan,Sarawak,Freehold and Leasehold,300000.0,59,1785.7142857142858,7.4881336174935935,4.0943445622221,0,0,0,0,0,0,0,1,0
TAMAN TUNKU,Miri,Sarawak,Leasehold,288000.0,59,1582.4175824175825,7.367340816892925,4.0943445622221,0,0,0,0,0,0,0,1,0
Royal Domain Sri Putramas 2,Jalan Kuching,Kuala Lumpur,Freehold,850000.0,59,1270.5530642750373,7.147994317593426,4.0943445622221,0,0,0,1,0,0,0,0,0
SETIA ECOHILL,Semenyih,Selangor,Freehold,670000.0,58,1892.6553672316384,7.546264296910278,4.07753744390572,0,0,0,0,0,0,0,1,0
SS2 PETALING JAYA,Petaling Jaya,Selangor,Freehold,1120000.0,58,1792.0,7.491645473605133,4.07753744390572,0,0,0,0,0,0,0,1,0
AMBANG BOTANIC,Klang,Selangor,Freehold,1590000.0,58,2912.087912087912,7.976968935730935,4.07753744390572,0,1,0,0,0,1,0,0,0
BANDAR TASEK MUTIARA,Simpang Ampat,Penang,Freehold,425000.0,58,1574.0740740740741,7.362057581311945,4.07753744390572,0,0,0,0,0,0,0,1,0
ECO MAJESTIC,Beranang,Selangor,Freehold,854000.0,58,1981.4385150812066,7.592082939197652,4.07753744390572,0,0,1,0,0,0,0,1,0
TAMAN TASIK INDAH,Kluang,Johor,Freehold,614000.0,58,2379.84496124031,7.775210729390021,4.07753744390572,0,0,0,0,0,0,0,1,0
TAMAN KRUBONG HEIGHTS,Krubong,Melaka,Freehold,405800.0,57,1399.3103448275863,7.244449165913952,4.060443010546419,0,0,0,0,0,0,0,1,0
TAMAN KAMUNTING PELANGI,Taiping,Perak,Freehold,299000.0,57,1472.9064039408868,7.295671572728373,4.060443010546419,0,0,0,0,0,0,0,1,0
TAMAN PUNCAK CERIA (IDAMAN HILLS),Kluang,Johor,Freehold,538000.0,57,2126.482213438735,7.662694500101764,4.060443010546419,0,0,0,0,0,0,0,1,0
TAMAN NUSA BAYU,Iskandar Puteri (Nusajaya),Johor,Freehold,600000.0,57,1293.103448275862,7.165573416437213,4.060443010546419,0,0,0,0,0,0,0,1,0
BANDAR LAGUNA MERBOK (TERES),Sungai Petani,Kedah,Freehold,400000.0,57,1515.1515151515152,7.323930505239588,4.060443010546419,0,0,0,0,0,0,0,1,0
Palm Spring @ Damansara,Kota Damansara,Selangor,Leasehold,530000.0,57,1009.5238095238095,6.9182240986876264,4.060443010546419,0,0,0,1,0,0,0,0,0
TAMAN PERAKKU SERDANG,Sitiawan,Perak,Leasehold,116000.0,56,2320.0,7.749753406274437,4.04305126783455,0,0,0,0,0,0,0,1,0
BANDAR SERI ALAM,Masai,Johor,Freehold,496500.0,56,1627.8688524590164,7.395641097355587,4.04305126783455,0,0,0,0,0,0,0,1,0
BANDAR JASIN BISTARI,Bemban,Melaka,Leasehold,230435.0,56,1536.2333333333333,7.337739542903498,4.04305126783455,0,0,0,0,0,0,0,1,0
BERTAM PERDANA,Kepala Batas,Penang,Freehold,310000.0,55,1192.3076923076924,7.084484303602794,4.02535169073515,0,0,1,0,0,0,0,1,0
BANDAR PUTERI JAYA SEKSYEN 1,Sungai Petani,Kedah,Freehold,228000.0,55,1140.0,7.039660349862076,4.02535169073515,0,0,0,0,0,0,0,1,0
TAMAN MOUNT AUSTIN,Tebrau,Johor,Freehold,700000.0,55,1587.3015873015872,7.370420540212005,4.02535169073515,0,0,0,0,0,1,0,1,0
RESIDENSI MERBOK,Nibong Tebal,Penang,Freehold,960000.0,55,3503.6496350364964,8.161845832999028,4.02535169073515,0,1,0,0,0,1,0,0,0
TAMAN DESA IMPIAN 2 (FASA 2),Bukit Mertajam,Penang,Freehold,900000.0,54,2893.8906752411576,7.970702625992199,4.007333185232471,0,0,0,0,0,1,0,0,0
LAKE GARDEN RESIDENCE(TAMAN KLEBANG TEKOMA,Ipoh,Perak,Leasehold,499800.0,54,1400.0,7.244941546337007,4.007333185232471,0,0,0,0,0,1,0,1,0
BANDAR BOTANIC,Klang,Selangor,Freehold,767500.0,54,1639.957264957265,7.403035048677416,4.007333185232471,0,0,0,0,0,0,0,1,0
TAMAN SRI SAUJANA,Kota Tinggi,Johor,Freehold,380000.0,54,1402.2140221402215,7.246520614541351,4.007333185232471,0,0,0,0,0,0,0,1,0
BANDAR AMANJAYA (KEMBOJA),Sungai Petani,Kedah,Freehold,230000.0,54,1393.939393939394,7.24060624810696,4.007333185232471,0,0,0,0,0,0,0,1,0
Seksyen 2 Wangsa Maju Flat,Wangsa Maju,Kuala Lumpur,Leasehold,224500.0,54,590.7894736842105,6.383150952859982,4.007333185232471,0,0,0,0,1,0,0,0,0
Melinsung Summer Bay Resort,Papar,Sabah,Leasehold,115000.0,54,527.5229357798165,6.270086202249079,4.007333185232471,1,0,0,0,0,0,0,0,0
TAMAN POLITEKNIK,Telok Kemang,Negeri Sembilan,Freehold,230000.0,53,1299.4350282485875,7.170454124585415,3.9889840465642745,0,0,0,0,0,0,0,1,0
KUALA BERANG,Hulu Terengganu,Terengganu,Freehold and Leasehold,200000.0,53,3225.8064516129034,8.07924821244501,3.9889840465642745,0,1,0,0,0,0,0,1,0
"TAMAN ALAMANDA, BANDAR BARU SEGARI",Lumut,Perak,Leasehold,155500.0,53,1295.8333333333333,7.167680674388875,3.9889840465642745,0,0,0,0,0,0,0,1,0
TAMAN PUNCAK KASIH MERLIMAU PASIR,Merlimau,Melaka,Freehold,179800.0,53,1415.748031496063,7.256119405598305,3.9889840465642745,0,0,0,0,0,0,0,1,0
TAMAN NUSANTARA,Iskandar Puteri (Nusajaya),Johor,Freehold,420000.0,53,1129.032258064516,7.0300014582586785,3.9889840465642745,0,0,0,0,0,0,0,1,0
TAMAN NUSA BESTARI 2,Iskandar Puteri (Nusajaya),Johor,Freehold,540000.0,53,1487.603305785124,7.305593580657675,3.9889840465642745,0,0,0,0,0,0,0,1,0
SETIA ECO PARK,Setia Alam,Selangor,Freehold,2450000.0,53,4588.014981273408,8.431420678994737,3.9889840465642745,0,1,0,0,0,1,0,0,0
BANDAR TASIK SENANGIN,Lenggeng,Negeri Sembilan,Freehold,435000.0,53,4142.857142857143,8.329382310096344,3.9889840465642745,0,1,0,0,0,0,0,0,0
TAMAN SENTOSA,Johor Bahru,Johor,Freehold,700000.0,53,2180.685358255452,7.687852957212352,3.9889840465642745,0,0,0,0,0,1,0,1,0
TAMAN LANGAT UTAMA 3,Tanjong Duabelas,Selangor,Leasehold,410000.0,53,1453.900709219858,7.282692936191056,3.9889840465642745,0,0,0,0,0,0,0,1,0
AMBER 2 @ BUKIT SENTOSA,Serendah,Selangor,Freehold,452000.0,52,1174.025974025974,7.069045531887956,3.970291913552122,0,0,0,0,0,0,0,1,0
TAMAN BUKIT SENAWANG PERDANA,Rantau,Negeri Sembilan,Freehold,80000.0,52,1194.0298507462687,7.085926443757614,3.970291913552122,0,0,0,0,0,0,0,1,0
KOTA EMERALD,Rawang,Selangor,Freehold,795000.0,52,2075.7180156657964,7.638544049452537,3.970291913552122,0,0,0,0,0,1,0,1,0
TAMAN MELAWATI,Ulu Klang,Selangor,Freehold,686000.0,51,1420.2898550724638,7.259320086938914,3.9512437185814275,0,0,0,0,0,1,0,1,0
BUKIT BANYAN,Sungai Petani,Kedah,Freehold,499900.0,51,1872.2846441947565,7.535448663238496,3.9512437185814275,0,0,0,0,0,1,0,1,1
BANDAR RINCHING,Semenyih,Selangor,Freehold,400000.0,51,1369.86301369863,7.223195757501439,3.9512437185814275,0,0,0,0,0,0,0,1,0
DAMANSARA HEIGHTS (BUKIT DAMANSARA),Damansara Heights,Kuala Lumpur,Freehold,3600000.0,51,5142.857142857143,8.545558493925508,3.9512437185814275,0,1,0,0,0,1,0,0,0
TAMAN NILAM SARI,Seremban,Negeri Sembilan,Leasehold,411800.0,50,1299.0536277602523,7.170160794722054,3.9318256327243257,0,0,0,0,0,0,0,1,0
TAMAN AIR MANIS,Sabak Bernam,Selangor,Leasehold,250000.0,50,1396.6480446927374,7.242546134797917,3.9318256327243257,0,0,1,0,0,0,0,1,0
TAMAN BERTAM HEIGHTS,Tanjong Minyak,Melaka,Freehold,180000.0,50,1304.3478260869565,7.174224817643044,3.9318256327243257,0,0,0,0,0,0,0,1,0
TAMAN PASIR PUTIH,Pasir Gudang,Johor,Freehold,375000.0,50,1373.6263736263736,7.225937244904127,3.9318256327243257,0,0,0,0,0,0,0,1,0
BANDAR PUTERA 2,Klang,Selangor,Leasehold,411640.0,50,1196.6279069767443,7.088098135252713,3.9318256327243257,0,0,0,0,0,0,0,1,0
TAMAN KERIAN SENTOSA,Parit Buntar,Perak,Leasehold,368800.0,50,1381.2734082397003,7.231484819955965,3.9318256327243257,0,0,0,0,0,0,0,1,0
Medini Signature,Iskandar Puteri (Nusajaya),Johor,Freehold,814800.0,50,1613.4653465346535,7.386759126068722,3.9318256327243257,0,0,0,1,0,0,0,0,0
Angkasa Condominiums,Cheras,Kuala Lumpur,Freehold,600000.0,50,925.925925925926,6.831873655065573,3.9318256327243257,0,0,0,1,0,0,0,0,0
BANDAR SEBERANG JAYA,Seberang Jaya,Penang,Leasehold,280000.0,49,952.3809523809524,6.860014563948276,3.912023005428146,0,0,0,0,0,0,0,1,0
AMBER 1@BUKIT SENTOSA,Serendah,Selangor,Freehold,430000.0,49,1295.1807228915663,7.167177313866027,3.912023005428146,0,0,0,0,0,0,0,1,0
TAMAN SRI SKUDAI,Skudai,Johor,Freehold,400000.0,49,1413.4275618374559,7.254480178286742,3.912023005428146,0,0,0,0,0,0,0,1,0
TAMAN AIR BIRU,Pasir Gudang,Johor,Leasehold,270000.0,49,1102.0408163265306,7.005826023397971,3.912023005428146,0,0,0,0,0,1,0,1,0
TAMAN SRI PULAI PERDANA,Kulai,Johor,Freehold,499000.0,49,1306.282722513089,7.175706004319759,3.912023005428146,0,0,0,0,0,0,0,1,0
TAMAN LESTARI PUCHONG,Seri Kembangan,Selangor,Leasehold,508000.0,49,1502.9585798816568,7.31585596415825,3.912023005428146,0,0,0,0,0,0,0,1,0
NUSA SENTRAL,Iskandar Puteri (Nusajaya),Johor,Freehold,770000.0,49,1587.6288659793815,7.370626574737321,3.912023005428146,0,0,0,0,0,1,0,1,0
TAMAN CEMPAKA,Ipoh,Perak,Freehold and Leasehold,199000.0,49,985.1485148514852,6.89380696684167,3.912023005428146,0,0,0,0,0,0,0,1,0
IRAMA SENDAYAN 2A,Labu,Negeri Sembilan,Freehold,559444.0,48,1476.1055408970976,7.297839736239232,3.8918202981106265,0,0,0,0,0,0,0,1,0
TAMAN BAKTI [YNS],Labu,Negeri Sembilan,Freehold,80000.0,48,1194.0298507462687,7.085926443757614,3.8918202981106265,0,0,0,0,0,0,0,1,0
BANDAR PUTERI PUCHONG,Puchong,Selangor,Freehold,1225000.0,48,1975.8064516129032,7.58923791833404,3.8918202981106265,0,0,0,0,0,0,0,1,0
KEPONG BARU,Kepong,Kuala Lumpur,Freehold and Leasehold,667500.0,48,1500.0,7.313886831633462,3.8918202981106265,0,0,0,0,0,0,0,1,0
BANDAR KINRARA,Bandar Kinrara,Selangor,Freehold,1415000.0,48,2278.582930756844,7.731747780109001,3.8918202981106265,0,0,0,0,0,0,0,1,0
TAMAN RIA JAYA FASA 2,Sungai Petani,Kedah,Freehold,197500.0,48,1352.7397260273972,7.210626209017628,3.8918202981106265,0,0,0,0,0,0,0,1,0
TAMAN CAHAYA MASAI,Pasir Gudang,Johor,Leasehold,300000.0,48,787.4015748031496,6.670007572743782,3.8918202981106265,0,0,0,0,0,0,0,1,0
Nusa Perdana Apartment,Iskandar Puteri (Nusajaya),Johor,Freehold,360000.0,48,932.6424870466321,6.839093588770004,3.8918202981106265,0,0,0,0,0,0,1,0,0
TAMAN MELOR JAYA,Gerisek,Johor,Freehold,165000.0,47,1650.0,7.409136443920128,3.871201010907891,0,0,0,0,0,0,0,1,0
TANJUNG TEMASEK,Ipoh,Perak,Leasehold,303800.0,47,1344.2477876106195,7.204333503774696,3.871201010907891,0,0,0,0,0,0,0,1,0
ALAM PERDANA,Ijok,Selangor,Leasehold,310000.0,47,1640.2116402116403,7.40319005304327,3.871201010907891,0,0,0,0,0,0,0,1,0
TAMAN KRUBONG JAYA,Krubong,Melaka,Leasehold,290000.0,47,1300.4484304932735,7.171233100517274,3.871201010907891,0,0,0,0,0,0,0,1,0
TAMAN ADDA,Tebrau,Johor,Freehold,1000000.0,47,2583.9793281653747,7.857472790069307,3.871201010907891,0,0,1,0,0,0,0,1,0
TAMAN BANDAR UTAMA TAMPIN,Tampin,Negeri Sembilan,Freehold,299473.0,47,2065.3310344827587,7.633529866506699,3.871201010907891,0,0,0,0,0,1,0,1,0
Taman Terubong Indah (Majestic Heights),Ayer Itam,Penang,Freehold,170000.0,47,699.5884773662551,6.5519206638200504,3.871201010907891,0,0,0,0,1,0,0,0,0
TAMAN CASSIA BAHAU,Bahau,Negeri Sembilan,Leasehold,249000.0,46,1296.875,7.168483590623618,3.8501476017100584,0,0,0,0,0,0,0,1,0
TAMAN MAHSURI,Padang Serai,Kedah,Freehold,270000.0,46,1298.076923076923,7.16940923206662,3.8501476017100584,0,0,0,0,0,0,0,1,0
TAMAN BUKIT PERDANA,Batu Pahat,Johor,Freehold,390000.0,46,1541.501976284585,7.341161037000496,3.8501476017100584,0,0,0,0,0,0,0,1,0
TAMAN PUCHONG UTAMA,Puchong,Selangor,Freehold,600000.0,46,1321.5859030837005,7.187344116695707,3.8501476017100584,0,0,0,0,0,0,0,1,0
USJ 3,Subang Jaya,Selangor,Freehold,765000.0,46,1587.1369294605809,7.3703168657097065,3.8501476017100584,0,0,0,0,0,0,0,1,0
TAMAN EVERGREEN HEIGHTS,Batu Pahat,Johor,Freehold,420000.0,46,1721.311475409836,7.451422548659797,3.8501476017100584,0,0,0,0,0,0,0,1,0
TAMAN LAGENDA,Padang Serai,Kedah,Freehold,292500.0,46,1366.822429906542,7.2209752870575,3.8501476017100584,0,0,0,0,0,0,0,1,0
Molek Regency,Johor Bahru,Johor,Freehold,580000.0,46,1082.089552238806,6.987572932630275,3.8501476017100584,0,0,0,0,0,0,1,0,0
Platinum Suites (The Face Suites),Klcc,Kuala Lumpur,Freehold,1453150.0,46,795.3749315818282,6.680070094524645,3.8501476017100584,0,0,0,0,0,0,1,0,0
TAMAN SAUJANA MANJUNG,Sitiawan,Perak,Leasehold,329890.0,45,1182.4014336917562,7.076148141744104,3.828641396489095,0,0,0,0,0,1,0,1,0
MERU SENTOSA,Ipoh,Perak,Leasehold,340194.0,45,1447.6340425531914,7.278376351797945,3.828641396489095,0,0,0,0,0,0,0,1,0
TAMAN TERATAI,Kulai,Johor,Freehold,330000.0,45,1208.7912087912089,7.0982030689835,3.828641396489095,0,0,0,0,0,0,0,1,0
TAMAN SEMENTA PERMAI,Kapar,Selangor,Freehold,358000.0,45,1409.4488188976377,7.251663243996848,3.828641396489095,0,0,0,0,0,0,0,1,0
TAMAN KOTA JAYA,Kota Tinggi,Johor,Freehold,310000.0,45,1565.6565656565656,7.356699051555999,3.828641396489095,0,0,0,0,0,1,0,1,0
TAMAN SENAI JAYA,Senai,Johor,Freehold,170000.0,45,1545.4545454545455,7.343720199811212,3.828641396489095,0,0,0,0,0,0,0,1,0
PR1MA @ PORT DICKSON,Lukut,Negeri Sembilan,Freehold,287850.0,45,1370.7142857142858,7.223816540035572,3.828641396489095,0,0,0,0,0,0,0,1,0
TAMAN SCIENTEX SENAI,Senai,Johor,Freehold,480000.0,45,1076.2331838565021,6.9821511661225415,3.828641396489095,0,0,0,0,0,0,0,1,0
Green Garden,Ayer Itam,Penang,Freehold,180000.0,45,537.3134328358209,6.288440979436912,3.828641396489095,0,0,0,0,1,0,0,0,0
SCIENTEX SEREMBAN,Seremban,Negeri Sembilan,Freehold,380000.0,44,1397.0588235294117,7.242839998825151,3.8066624897703196,0,0,0,0,0,0,0,1,0
BANDAR UTAMA BATANG KALI,Batang Kali,Selangor,Freehold,232500.0,44,1117.7884615384614,7.020001648026912,3.8066624897703196,0,0,1,0,0,0,0,1,0
TAMAN BUKIT TIRAM,Ulu Tiram,Johor,Freehold,380000.0,44,1038.2513661202186,6.946255892656991,3.8066624897703196,0,0,0,0,0,0,0,1,0
PULAI JAYA,Kulai,Johor,Freehold,520000.0,43,1502.8901734104047,7.315810478845075,3.784189633918261,0,0,0,0,0,0,0,1,0
BANDAR UNIVERSITI,Seri Iskandar,Perak,Leasehold,250000.0,43,1428.5714285714287,7.265129978035143,3.784189633918261,0,0,0,0,0,1,0,1,0
SERENE HEIGHTS,Semenyih,Selangor,Freehold,781800.0,43,1756.8539325842696,7.471848987525989,3.784189633918261,0,0,0,0,0,0,0,1,0
TAS,Kuantan,Pahang,Freehold,185000.0,43,1170.886075949367,7.066369760590904,3.784189633918261,0,0,0,0,0,0,0,1,0
BANDAR TUN HUSSEIN ONN,Cheras,Selangor,Freehold,800000.0,43,2051.2820512820513,7.626707648736852,3.784189633918261,0,0,0,0,0,1,0,1,0
TAMAN BUKIT DAHLIA,Pasir Gudang,Johor,Freehold and Leasehold,480000.0,43,1359.7733711048159,7.215808472331114,3.784189633918261,0,0,0,0,0,0,0,1,0
TAMAN BUKIT KEMPAS,Tampoi,Johor,Freehold,480000.0,43,1649.4845360824743,7.408824182017289,3.784189633918261,0,0,0,0,0,0,0,1,0
TAMAN PUTRA PRIMA,Puchong,Selangor,Freehold,780000.0,43,1718.0616740088105,7.449533882580331,3.784189633918261,0,0,0,0,0,0,0,1,0
DESA MAYANG SARI,Nilai,Negeri Sembilan,Freehold,718000.0,42,1405.0880626223093,7.24856670385325,3.7612001156935624,0,0,0,0,0,0,0,1,0
TAMAN DAMAI JAYA,Skudai,Johor,Freehold,325000.0,42,839.7932816537468,6.734345829109489,3.7612001156935624,0,0,0,0,0,0,0,1,0
USJ 11,Subang Jaya,Selangor,Freehold,900000.0,42,1754.3859649122808,7.470444034747383,3.7612001156935624,0,0,0,0,0,0,0,1,0
TAMAN WIDURI,Sungai Jawi,Penang,Freehold,260000.0,42,1160.7142857142858,7.057652025692924,3.7612001156935624,0,0,0,0,0,0,0,1,0
BANDAR EKAR,Rantau,Negeri Sembilan,Freehold,235789.0,42,1626.1310344827587,7.394573641457789,3.7612001156935624,0,0,0,0,0,0,0,1,0
Greenfield Regency,Tampoi,Johor,Freehold,391500.0,42,807.2164948453608,6.6948299617968585,3.7612001156935624,0,0,0,0,0,0,1,0,0
OVERSEAS UNION GARDEN,Jalan Klang Lama (Old Klang Road),Kuala Lumpur,Freehold,923000.0,41,1778.4200385356455,7.484042769147531,3.7376696182833684,0,1,0,0,0,0,0,1,0
TAMAN PARKLAND,Kluang,Johor,Freehold,150000.0,41,1401.8691588785048,7.246274817648525,3.7376696182833684,0,0,0,0,0,0,0,1,0
TAMAN TEHEL INDAH,Bemban,Melaka,Freehold,497000.0,41,1474.7774480712167,7.296940213352349,3.7376696182833684,0,0,0,0,0,0,0,1,0
TAMAN KLEMERU (P/L : 48396),Ipoh,Perak,Leasehold,403000.0,41,1759.825327510917,7.47353791420178,3.7376696182833684,0,0,0,0,0,0,0,1,0
TAMAN BUKIT PERMATA,Selayang,Selangor,Freehold,310281.0,41,5540.732142857143,8.620062392038562,3.7376696182833684,0,0,0,0,0,0,0,1,0
RPA SRI TANJUNG,Sungai Petani,Kedah,Freehold,27049.0,41,629.046511627907,6.445793644641232,3.7376696182833684,0,0,0,0,0,0,0,1,0
TAMAN BANDAR BARU SUNGAI LALANG,Sungai Petani,Kedah,Freehold,200000.0,41,1324.5033112582782,7.189547523846125,3.7376696182833684,0,0,0,0,0,0,0,1,0
UDA UTAMA,Johor Bahru,Johor,Freehold,809662.0,41,1662.5503080082135,7.416709337266475,3.7376696182833684,0,0,0,0,0,0,0,1,0
NILAI IMPIAN,Nilai,Negeri Sembilan,Freehold,639888.0,41,1670.7258485639686,7.421611814030849,3.7376696182833684,0,0,0,0,0,0,0,1,0
"TAMAN KELANA, RANTAU PANJANG",Kapar,Selangor,Freehold,473000.0,40,1336.1581920903955,7.1983018887942345,3.713572066704308,0,0,0,0,0,0,0,1,0
TIARA SENDAYAN - PRESINT 14C,Labu,Negeri Sembilan,Freehold,512650.0,40,1464.7142857142858,7.290097969669447,3.713572066704308,0,0,0,0,0,0,0,1,0
TAMAN DESA IMPIAN,Simpang Ampat,Penang,Freehold,880000.0,40,2802.547770700637,7.9386409550834856,3.713572066704308,0,0,1,0,0,0,0,0,0
BANDAR BESTARI@CANARY GARDEN,Klang,Selangor,Freehold,1449665.0,40,2338.1693548387098,7.757551168767998,3.713572066704308,0,0,1,0,0,0,0,0,0
TAMAN SRI PENAWAR,Pengerang,Johor,Leasehold,525000.0,40,1400.0,7.244941546337007,3.713572066704308,0,0,0,0,0,0,0,1,0
BANDAR SERI BOTANI,Simpang Pulai,Perak,Freehold and Leasehold,448800.0,40,1558.3333333333333,7.3520136584760145,3.713572066704308,0,0,0,0,0,0,0,1,0
TAMAN RASA UTAMA,Batang Kali,Selangor,Leasehold,250000.0,40,1336.8983957219252,7.198855300377222,3.713572066704308,0,0,0,0,0,0,0,1,0
TAMAN DESA TANJUNG MINYAK (SERI BERTAM),Tanjong Minyak,Melaka,Leasehold,260000.0,39,1436.46408839779,7.270635790375304,3.6888794541139363,0,0,0,0,0,0,0,1,0
TAMAN CANNING,Ipoh,Perak,Freehold and Leasehold,425000.0,39,2485.3801169590643,7.818583163422831,3.6888794541139363,0,1,0,0,0,1,0,1,0
TAMAN PUSING SAKURA,Batu Gajah,Perak,Leasehold,330880.0,39,1402.0338983050847,7.246392241111426,3.6888794541139363,0,0,0,0,0,0,0,1,0
M SENYUM SALAK TINGGI,Sepang,Selangor,Leasehold,555210.0,39,1199.157667386609,7.09020821663409,3.6888794541139363,0,0,0,0,0,0,0,1,0
BB SETIA AWAN PERDANA RESIDEN 8,Sitiawan,Perak,Freehold,245000.0,39,1195.121951219512,7.08683989521501,3.6888794541139363,0,0,0,0,0,0,0,1,0
TAMAN KLUANG PERDANA,Kluang,Johor,Freehold,199900.0,39,1817.2727272727273,7.505642278487799,3.6888794541139363,0,0,0,0,0,1,0,1,0
TAMAN MENGKIBOL,Kluang,Johor,Freehold,379000.0,39,1599.15611814346,7.3778564773075175,3.6888794541139363,0,0,0,0,0,0,0,1,0
RPR BANDAR BARU SAMARIANG,Kuching,Sarawak,Leasehold,200000.0,39,1025.6410256410256,6.934047611962654,3.6888794541139363,0,0,0,0,0,0,0,1,0
TAMAN PULAI UTAMA,Skudai,Johor,Freehold,595000.0,39,1750.0,7.467942332285852,3.6888794541139363,0,0,0,0,0,0,0,1,0
TAMAN SUTERA,Perling,Johor,Freehold,780000.0,39,2549.0196078431372,7.8438563274731585,3.6888794541139363,0,0,0,0,0,0,0,1,0
SEKSYEN 17,Petaling Jaya,Selangor,Freehold,948000.0,39,2043.103448275862,7.622714560745393,3.6888794541139363,0,1,0,0,0,1,0,1,0
Taman Pandan Jaya,Cheras,Selangor,Leasehold,185000.0,39,591.0543130990416,6.383598375775414,3.6888794541139363,0,0,0,0,1,0,0,0,0
Venice Hill,Cheras,Selangor,Freehold,250000.0,39,1543.20987654321,7.342267651750655,3.6888794541139363,0,0,0,1,0,0,0,0,0
Green Haven,Masai,Johor,Freehold,631950.0,39,1192.3584905660377,7.084526871984345,3.6888794541139363,0,0,0,0,0,0,1,0,0
Sri Penara,Cheras,Kuala Lumpur,Leasehold,280000.0,39,646.6512702078522,6.473352388230965,3.6888794541139363,1,0,0,0,0,0,0,0,0
TAMAN BUKIT KATIL DAMAI,Bukit Katil,Melaka,Leasehold,488000.0,38,1443.7869822485206,7.275717172550508,3.6635616461296463,0,0,0,0,0,1,0,1,0
HAPPY GARDEN,Jalan Klang Lama (Old Klang Road),Kuala Lumpur,Freehold and Leasehold,912500.0,38,2050.561797752809,7.62635663463245,3.6635616461296463,0,0,0,0,0,0,0,1,0
BERCHAM NOBEL RESIDENCES,Ipoh,Perak,Freehold,335000.0,38,1407.563025210084,7.250325332648378,3.6635616461296463,0,0,0,0,0,0,0,1,0
TAMAN MERPATI INDAH,Kulim,Kedah,Freehold,462000.0,38,1400.0,7.244941546337007,3.6635616461296463,0,0,0,0,0,0,0,1,0
MUTIARA HILLS @ SEMENYIH,Semenyih,Selangor,Freehold,547770.0,38,1400.9462915601023,7.245616758415743,3.6635616461296463,0,0,0,0,0,0,0,1,0
LEXVIEW,Ipoh,Perak,Freehold and Leasehold,458880.0,38,1539.8657718120805,7.340099726926732,3.6635616461296463,0,0,0,0,0,0,0,1,0
BANDAR SERI ALAM,Pasir Gudang,Johor,Freehold,340000.0,38,941.8282548476454,6.848884139691874,3.6635616461296463,0,0,0,0,0,0,0,1,0
TAMAN PINGGIR PENGKALAN PERMAI,Ipoh,Perak,Freehold,688000.0,38,2625.9541984732823,7.873580354616641,3.6635616461296463,0,0,1,0,0,0,0,0,0
BANDAR PUTRA BERTAM,Kepala Batas,Penang,Freehold,350000.0,38,1272.7272727272727,7.149702741572861,3.6635616461296463,0,0,1,0,0,0,0,1,0
TAMAN PULAI HIJAUAN,Skudai,Johor,Freehold,655000.0,38,1990.8814589665653,7.596834927822918,3.6635616461296463,0,0,1,0,0,0,0,1,0
KAMPUNG BARU KERTIH,Kerteh,Terengganu,Freehold and Leasehold,350000.0,38,3240.740740740741,8.083865730171576,3.6635616461296463,0,0,0,0,0,1,0,1,0
TAMAN PANDAN INDAH,Ampang,Selangor,Leasehold,522500.0,38,1022.5048923679061,6.930988185126956,3.6635616461296463,0,0,0,0,0,0,0,1,1
SAUJANA IMPIAN,Kajang,Selangor,Freehold,540000.0,38,1636.3636363636363,7.400842688538686,3.6635616461296463,0,1,0,0,0,0,0,1,0
TAMAN GAYA,Ulu Tiram,Johor,Freehold,1034400.0,38,2529.0953545232273,7.836012270546206,3.6635616461296463,0,0,1,0,0,0,0,0,0
P/L 104445 & P/L 104476(LOT 2507),Kuantan,Pahang,Freehold,271790.0,38,1562.0114942528735,7.3543696843630055,3.6635616461296463,0,0,0,0,0,0,0,1,0
SCIENTEX KUNDANG JAYA,Rawang,Selangor,Freehold,504339.0,37,1251.4615384615386,7.132866124672386,3.6375861597263857,0,0,0,0,0,0,0,1,0
SPRINGVILLE @VICTORIA COUNTRY,Sitiawan,Perak,Freehold,435000.0,37,1510.4166666666667,7.3208026798294235,3.6375861597263857,0,0,0,0,0,0,0,1,0
TAMAN MOLEK RESIDEN,Ayer Molek,Melaka,Freehold,435800.0,37,1396.7948717948718,7.242651182267427,3.6375861597263857,0,0,0,0,0,0,0,1,0
TAMAN EMAS BIDOR,Bidor,Perak,Leasehold,90000.0,37,1200.0,7.0909098220799835,3.6375861597263857,0,0,0,0,0,0,0,1,0
SETIA ECOHILL,Beranang,Selangor,Freehold,680000.0,37,1622.9116945107398,7.392593143941965,3.6375861597263857,0,0,1,0,0,0,0,1,0
TAMAN SRI TEBRAU,Johor Bahru,Johor,Freehold,680000.0,37,2023.8095238095239,7.613230912800218,3.6375861597263857,0,0,0,0,0,0,0,1,0
BANDAR BUKIT TINGGI,Klang,Selangor,Freehold,750000.0,37,1602.5641025641025,7.379983994987799,3.6375861597263857,0,0,0,0,0,0,0,1,0
TAMAN KELADI FASA 1,Sungai Petani,Kedah,Freehold,200000.0,37,1315.7894736842106,7.182951836030139,3.6375861597263857,0,0,0,0,0,0,0,1,0
BAYAN BARU,Bayan Baru,Penang,Leasehold,570000.0,37,1515.9574468085107,7.324461928070795,3.6375861597263857,0,0,1,0,0,1,0,1,0
TAMAN MUHIBAH,Kulai,Johor,Freehold,290000.0,37,847.953216374269,6.744004080404669,3.6375861597263857,0,0,0,0,0,0,0,1,0
BANDAR BUKIT PUCHONG,Puchong,Selangor,Freehold,640000.0,37,1531.1004784688996,7.334394934617788,3.6375861597263857,0,0,0,0,0,0,0,1,0
BANDAR AMANJAYA (ZON KENANGA),Sungai Petani,Kedah,Freehold,320000.0,37,2352.9411764705883,7.763846298752938,3.6375861597263857,0,0,0,0,0,1,0,0,0
Rifle Range,Ayer Itam,Penang,Leasehold,72000.0,37,382.97872340425533,5.95058714325124,3.6375861597263857,0,0,0,0,1,0,0,0,0
Tebrau City Residences,Tebrau,Johor,Freehold,380000.0,37,1041.0958904109589,6.9489892434256495,3.6375861597263857,0,0,0,0,0,0,1,0,0
Pangsapuri Lagoon Perdana,Bandar Sunway,Selangor,Leasehold,210000.0,37,893.6170212765958,6.796395717507432,3.6375861597263857,1,0,0,0,0,0,0,0,0
Farlim 4,Ayer Itam,Penang,Freehold,130000.0,37,511.81102362204723,6.2399074022982735,3.6375861597263857,0,0,0,0,1,0,0,0,0
Mahsuri Flat,Bayan Baru,Penang,Leasehold,156000.0,37,506.4935064935065,6.229483915747398,3.6375861597263857,0,0,0,0,1,0,0,0,0
DENAI ALAM,Shah Alam,Selangor,Freehold,900000.0,36,2017.9372197309417,7.610326523094836,3.6109179126442243,0,0,0,0,0,0,0,1,0
ECO ARDENCE,Setia Alam,Selangor,Freehold,1880000.0,36,2655.367231638418,7.884714765962714,3.6109179126442243,0,1,0,0,0,1,0,0,0
SELANGOR CYBER VALLEY-RESIDENCY AURORA,Dengkil,Selangor,Leasehold,1042000.0,36,1818.499127399651,7.506316537469605,3.6109179126442243,0,0,0,0,0,0,0,1,0
"TAMAN IDAMAN, SUNGAI SEGAMAT",Segamat,Johor,Leasehold,117500.0,36,1450.6172839506173,7.280433582095404,3.6109179126442243,0,0,0,0,0,0,0,1,0
BAYU SUTERA - PRECINCT 4A,Jimah,Negeri Sembilan,Freehold,700888.0,36,1451.1138716356108,7.2807756163012085,3.6109179126442243,0,0,0,0,0,0,0,1,0
BANDAR BARU BIDOR,Bidor,Perak,Leasehold,268000.0,36,1433.1550802139038,7.268331160510276,3.6109179126442243,0,0,0,0,0,0,0,1,0
IRAMA SENDAYAN 2D,Labu,Negeri Sembilan,Freehold,628888.0,36,1416.4144144144145,7.256589655940936,3.6109179126442243,0,0,0,0,0,0,0,1,0
TAMAN DESA ILMU,Kota Samarahan,Sarawak,Leasehold,380000.0,36,2171.4285714285716,7.6836009780851455,3.6109179126442243,0,0,0,0,0,1,0,1,0
USJ 2,Subang Jaya,Selangor,Freehold,745000.0,36,1655.5555555555557,7.41249575909218,3.6109179126442243,0,0,0,0,0,0,0,1,0
TAMAN SENGGARANG,Senggarang,Johor,Freehold,150000.0,36,1401.8691588785048,7.246274817648525,3.6109179126442243,0,0,0,0,0,0,0,1,0
ELMINA EAST,Shah Alam,Selangor,Freehold,921500.0,36,1684.6435100548447,7.429902674956339,3.6109179126442243,0,0,0,0,0,1,0,1,0
TAMAN SUTERA UTAMA,Skudai,Johor,Freehold,1065000.0,36,2246.8354430379745,7.717723006838659,3.6109179126442243,0,0,1,0,0,0,0,1,0
BANDAR PUTERI JAYA SEKSYEN 2,Sungai Petani,Kedah,Freehold,275000.0,36,1527.7777777777778,7.332223857091597,3.6109179126442243,0,0,0,0,0,0,0,1,0
LAMAN HARIS @ ECO GRANDEUR,Ijok,Selangor,Leasehold,455000.0,36,1400.0,7.244941546337007,3.6109179126442243,0,0,0,0,0,0,0,1,0
MATANG JAYA,Kuching,Sarawak,Leasehold,350000.0,36,2317.880794701987,7.748839932183553,3.6109179126442243,0,1,0,0,0,1,0,1,0
BANDAR BOTANI PARKLAND,Jasin,Melaka,Freehold,120700.0,35,1207.0,7.0967213784947605,3.58351893845611,0,0,0,0,0,0,0,1,0
TAMAN PERWIRA JAYA,Tapah,Perak,Leasehold,169000.0,35,1396.6942148760331,7.242579168451053,3.58351893845611,0,0,0,0,0,0,0,1,0
TANJUNG TEMASEK FASA 1,Ipoh,Perak,Leasehold,298800.0,35,1322.1238938053098,7.187750805841778,3.58351893845611,0,0,0,0,0,0,0,1,0
TAMAN SELASIH INDAH,Kulim,Kedah,Freehold,542200.0,35,1401.0335917312661,7.245679027172885,3.58351893845611,0,0,0,0,0,0,0,1,0
OSKAR RESIDENCE @SEREMBAN FOREST HEIGHTS,Ampangan,Negeri Sembilan,Freehold,669000.0,35,1473.568281938326,7.296120535720476,3.58351893845611,0,0,0,0,0,0,0,1,0
TAMAN PANTAI SEPANG PUTRA,Sepang,Selangor,Freehold,400000.0,35,3669.7247706422017,8.208144406739594,3.58351893845611,0,1,0,0,0,0,0,0,0
SETIA ECO GARDEN,Gelang Patah,Johor,Freehold,527680.0,35,1309.3796526054591,7.178072185357264,3.58351893845611,0,0,0,0,0,0,0,1,0
TAMAN SRI PULAI,Kulai,Johor,Freehold,380000.0,35,1391.9413919413919,7.239172899629368,3.58351893845611,0,0,0,0,0,0,0,1,0
TAMAN NUSA IDAMAN,Iskandar Puteri (Nusajaya),Johor,Freehold,780000.0,35,2119.5652173913045,7.659437944108431,3.58351893845611,0,0,0,0,0,1,0,0,0
TAMAN LINTANG BISTARI,Sungai Siput,Perak,Leasehold,267284.0,35,1527.337142857143,7.331935588619443,3.58351893845611,0,0,0,0,0,0,0,1,0
TAMAN KEMPAS UTAMA,Skudai,Johor,Freehold,1000000.0,35,2341.92037470726,7.759153453597093,3.58351893845611,0,0,1,0,0,1,0,0,0
ECO GRANDEUR,Ijok,Selangor,Leasehold,700000.0,35,1598.1735159817351,7.377242222257247,3.58351893845611,0,1,0,0,0,0,0,1,0
TAMAN KELISA RIA FASA 1,Sungai Petani,Kedah,Freehold,250000.0,35,1633.986928104575,7.39939008825632,3.58351893845611,0,0,0,0,0,1,0,1,0
TAMAN RIA JAYA FASA 1,Sungai Petani,Kedah,Freehold,210000.0,35,1354.8387096774193,7.212175515760125,3.58351893845611,0,0,0,0,0,0,0,1,0
PANORAMA LAPANGAN PERDANA,Ipoh,Perak,Freehold,568000.0,35,1965.3979238754325,7.583958683011494,3.58351893845611,0,0,0,0,0,0,0,1,0
TAMAN RIA JAYA FASA 3,Sungai Petani,Kedah,Freehold,250000.0,35,1582.2784810126582,7.367252964189522,3.58351893845611,0,0,0,0,0,0,0,1,0
TAMAN SRIKANDI,Telok Panglima Garang,Selangor,Leasehold,454220.0,35,1760.5426356589148,7.473945201666017,3.58351893845611,0,0,0,0,0,1,0,1,0
Beverly Hills 3,Kota Kinabalu,Sabah,Leasehold,250000.0,35,602.4096385542168,6.402596300336555,3.58351893845611,1,0,0,0,0,0,0,0,0
Kipark Apartment,Tampoi,Johor,Leasehold,380000.0,35,857.7878103837472,6.755521872126235,3.58351893845611,1,0,0,0,0,0,0,0,0
Cyber City Apartment 1,Penampang,Sabah,Freehold,240000.0,35,500.0,6.2166061010848646,3.58351893845611,1,0,0,0,0,0,0,0,0
D'aman Crimson,Ara Damansara,Selangor,Freehold,443000.0,35,1054.7619047619048,6.962017969868787,3.58351893845611,0,0,0,1,0,0,0,0,0
TAMAN NUSAPUTRA TIMUR (REFLEXION),Dengkil,Selangor,Leasehold,1450000.0,34,1536.0169491525423,7.337598770903001,3.5553480614894135,0,0,0,0,0,0,0,1,0
TAMAN TIANG DUA BESTARI,Ayer Molek,Melaka,Freehold,269100.0,34,1537.7142857142858,7.338702467295457,3.5553480614894135,0,0,1,0,0,0,0,1,0
TAMAN BUKIT SEMPANG,Merlimau,Melaka,Freehold,311650.0,34,1675.5376344086021,7.424486013855103,3.5553480614894135,0,0,0,0,0,0,0,1,0
BANDAR PERDANA (TERES),Sungai Petani,Kedah,Freehold,271000.0,34,1548.5714285714287,7.345733673984904,3.5553480614894135,0,0,0,0,0,0,0,1,0
TAMAN SRI KLUANG,Kluang,Johor,Freehold,307500.0,34,1464.2857142857142,7.289805529252098,3.5553480614894135,0,0,0,0,0,0,0,1,0
BANDAR UTAMA,Sungai Petani,Kedah,Freehold,262500.0,34,1600.6097560975609,7.3787645000119095,3.5553480614894135,0,1,0,0,0,0,0,1,0
ALAM DAMAI,Cheras,Kuala Lumpur,Leasehold,859000.0,34,1875.5458515283842,7.5371880528773465,3.5553480614894135,0,0,0,0,0,0,0,1,0
TAMAN MIDAH,Cheras,Kuala Lumpur,Freehold,815000.0,34,1663.265306122449,7.4171390474476535,3.5553480614894135,0,0,0,0,0,0,0,1,0
TAMAN DATO HORMAT,Telok Panglima Garang,Selangor,Freehold,435000.0,34,1484.641638225256,7.303602037530251,3.5553480614894135,0,0,0,0,0,0,0,1,0
BANDAR CYBER IPOH,Ipoh,Perak,Leasehold,609000.0,34,2416.6666666666665,7.790558166695303,3.5553480614894135,0,0,0,0,0,1,0,0,0
TAMAN DESA HARMONI,Masai,Johor,Freehold,450000.0,34,1470.5882352941176,7.294097528698879,3.5553480614894135,0,0,0,0,0,0,0,1,0
TAMAN SRI SINAR,Segambut,Kuala Lumpur,Freehold,495000.0,34,746.606334841629,6.61687654911644,3.5553480614894135,0,0,0,0,0,0,0,1,0
TAMAN NUSA BESTARI,Iskandar Puteri (Nusajaya),Johor,Freehold,810000.0,34,1990.1719901719903,7.596478684146484,3.5553480614894135,0,0,0,0,0,0,0,1,0
BANDAR SRI INDAH,Tawau,Sabah,Leasehold,385000.0,34,2278.1065088757396,7.7315387630705965,3.5553480614894135,0,0,0,0,0,0,0,1,0
Villa Wangsamas,Wangsa Maju,Kuala Lumpur,Freehold,500000.0,34,1295.3367875647668,7.167297710100776,3.5553480614894135,0,0,0,1,0,0,0,0,0
Taman Terubong Jaya,Ayer Itam,Penang,Leasehold,165000.0,34,606.6176470588235,6.409545814175467,3.5553480614894135,0,0,0,0,1,0,0,0,0
Lake View Suites,Tebrau,Johor,Freehold,293000.0,34,816.1559888579387,6.705830005470099,3.5553480614894135,1,0,0,0,0,0,0,0,0
9Ine (Residensi Sembilan),Cheras,Selangor,Freehold,970000.0,34,1210.9862671660424,7.10001583584398,3.5553480614894135,0,0,0,1,0,0,0,0,0
Villa Krystal Apartment,Skudai,Johor,Freehold,300000.0,34,892.8571428571429,6.79554596694305,3.5553480614894135,1,0,0,0,0,0,0,0,0
SIERRA PERDANA,Masai,Johor,Freehold,495000.0,33,1371.191135734072,7.224164110342376,3.5263605246161616,0,0,1,0,0,0,0,1,0
TAMAN BUKIT MALURI,Kepong,Kuala Lumpur,Leasehold,890000.0,33,1951.7543859649122,7.57699616053316,3.5263605246161616,0,0,0,0,0,0,0,1,0
TAMAN WARISAN PUTERI,Ampangan,Negeri Sembilan,Freehold,433680.0,33,1554.4086021505377,7.349493556752518,3.5263605246161616,0,0,1,0,0,1,0,1,0
SETIA ECO GARDEN,Skudai,Johor,Freehold,650000.0,33,1515.1515151515152,7.323930505239588,3.5263605246161616,0,0,0,0,0,0,0,1,0
The Seed,Skudai,Johor,Freehold,650000.0,33,1259.6899224806202,7.139414407614905,3.5263605246161616,1,0,0,0,0,0,0,0,0
The Garden Residences,Skudai,Johor,Freehold and Leasehold,365000.0,33,835.2402745995423,6.72891598159848,3.5263605246161616,0,0,0,0,0,0,1,0,0
Taman Cempaka,Tampoi,Johor,Leasehold,136000.0,33,552.8455284552846,6.316885818364014,3.5263605246161616,0,0,0,0,1,0,0,0,0
TAMAN RAMBAI IDAMAN,Bukit Rambai,Melaka,Freehold and Leasehold,295000.0,32,1798.780487804878,7.495419985228089,3.4965075614664802,0,0,0,0,0,0,0,1,0
SS19,Subang Jaya,Selangor,Freehold,505000.0,32,933.456561922366,6.839965143121166,3.4965075614664802,0,0,0,0,0,1,0,1,0
SS3 PETALING JAYA,Petaling Jaya,Selangor,Freehold,1565000.0,32,3699.7635933806146,8.216294453928953,3.4965075614664802,0,1,0,0,0,0,0,1,0
BK 5 - PERUMAHAN KINRARA,Bandar Kinrara,Selangor,Freehold,885000.0,32,1638.888888888889,7.402383767845556,3.4965075614664802,0,0,0,0,0,0,0,1,0
TAMAN ANJUNG GAPAM,Bemban,Melaka,Leasehold,632000.0,32,4647.058823529412,8.44420495411634,3.4965075614664802,0,1,0,0,0,0,0,0,0
USJ 6,Subang Jaya,Selangor,Freehold,694000.0,32,1294.7761194029852,7.166865114615434,3.4965075614664802,0,0,0,0,0,0,0,1,0
DESA RENING,Rasa,Selangor,Leasehold,439928.0,32,3519.424,8.166336715883531,3.4965075614664802,0,0,0,0,0,1,0,1,0
SEKSYEN 7 SHAH ALAM,Shah Alam,Selangor,Leasehold,740000.0,32,1897.4358974358975,7.5487856142537195,3.4965075614664802,0,0,0,0,0,0,0,1,0
TAMAN SELASIH FASA 1,Kulim,Kedah,Freehold,275000.0,32,1455.026455026455,7.283466398252592,3.4965075614664802,0,0,0,0,0,0,0,1,0
EAST LEDANG,Iskandar Puteri (Nusajaya),Johor,Freehold,1344000.0,32,3952.9411764705883,8.28246812665242,3.4965075614664802,0,0,0,0,0,1,0,1,0
TAMAN DURANDA EMAS,Kuching,Sarawak,Leasehold,180000.0,32,1034.4827586206898,6.942623030403143,3.4965075614664802,0,0,0,0,0,0,0,1,0
PUSAT BANDAR PUCHONG,Puchong,Selangor,Freehold,762500.0,32,1435.969868173258,7.2702919172949905,3.4965075614664802,0,0,0,0,0,0,0,1,0
TAMAN SRI LAMBAK,Simpang Rengam,Johor,Leasehold,335000.0,32,3526.315789473684,8.168292461094413,3.4965075614664802,0,1,0,0,0,0,0,0,0
TAMAN SERI DUYONG,Duyong,Melaka,Leasehold,268000.0,32,1707.0063694267517,7.443082103514133,3.4965075614664802,0,0,0,0,0,0,0,1,0
TAMAN LAGENDA PUTRA,Kulai,Johor,Freehold,589000.0,32,1795.7317073170732,7.4937245753127675,3.4965075614664802,0,0,0,0,0,1,0,1,0
TAMAN ECO FLORA,Tebrau,Johor,Freehold,880000.0,32,1682.6003824091779,7.428689864034177,3.4965075614664802,0,0,0,0,0,0,0,1,0
BISTARI PERDANA,Pasir Gudang,Johor,Freehold,460000.0,32,1197.9166666666667,7.089173650249033,3.4965075614664802,0,0,0,0,0,0,0,1,0
Seni Mont Kiara,Mont Kiara,Kuala Lumpur,Freehold,2380000.0,32,2971.2858926342074,7.9970865965793445,3.4965075614664802,0,0,0,1,0,0,0,0,0
1 Bukit Utama,Bandar Utama,Selangor,Freehold,1269000.0,32,2242.0494699646642,7.715591589544344,3.4965075614664802,0,0,0,1,0,0,0,0,0
Pangsapuri Sri Kemuning,Shah Alam,Selangor,Freehold,220000.0,32,753.4246575342465,6.625955415745666,3.4965075614664802,1,0,0,0,0,0,0,0,0
Green Acre,Bandar Sungai Long,Selangor,Freehold,550000.0,32,1012.8913443830571,6.921551022968802,3.4965075614664802,0,0,0,1,0,0,0,0,0
Sri Akasia,Tampoi,Johor,Leasehold,380000.0,32,1064.4257703081232,6.971129782577941,3.4965075614664802,1,0,0,0,0,0,0,0,0
TAMAN SCIENTEX (BUKIT TAMBUN PERDANA),Durian Tunggal,Melaka,Freehold,267000.0,31,1181.41592920354,7.075315022027701,3.4657359027997265,0,0,0,0,0,0,0,1,0
TAMAN LAHAT SENTOSA (MOSEY HILL),Ipoh,Perak,Leasehold,399880.0,31,1931.7874396135267,7.566718509175054,3.4657359027997265,0,0,0,0,0,0,0,1,0
TAMAN BIDOR BISTARI,Bidor,Perak,Leasehold,185000.0,31,1401.5151515151515,7.246022440557857,3.4657359027997265,0,0,0,0,0,0,0,1,0
TAMAN ASTANA CHEMOR,Ipoh,Perak,Leasehold,90000.0,31,882.3529411764706,6.783724827624065,3.4657359027997265,0,0,0,0,0,0,0,1,0
TAMAN MERU PERDANA,Ipoh,Perak,Freehold,406700.0,31,1333.4426229508197,7.196268972754146,3.4657359027997265,0,0,0,0,0,0,0,1,0
PUNCAK ISKANDAR,Seri Iskandar,Perak,Leasehold,343040.0,31,1400.1632653061224,7.245058074383983,3.4657359027997265,0,0,0,0,0,0,0,1,0
TAMAN TOK MUDA,Kapar,Selangor,Freehold,397000.0,31,1323.3333333333333,7.188664467146489,3.4657359027997265,0,0,0,0,0,0,0,1,0
TAMAN MUTIARA PERDANA,Batu Pahat,Johor,Freehold,573000.0,31,2781.5533980582522,7.931124273642381,3.4657359027997265,0,0,0,0,0,1,0,1,0
TAMAN SRI ORKID,Skudai,Johor,Leasehold,618000.0,31,1404.5454545454545,7.248180730304224,3.4657359027997265,0,0,0,0,0,0,0,1,0
ULU SUNGAI MERAH,Sibu,Sarawak,Leasehold,430000.0,31,2485.549132947977,7.818651137842126,3.4657359027997265,0,0,0,0,0,0,0,1,0
TAMAN PERTAMA,Ipoh,Perak,Leasehold,280000.0,31,1609.1954022988505,7.384110818501507,3.4657359027997265,0,0,0,0,0,1,0,1,0
TAMAN IRINGAN BAYU,Rantau,Negeri Sembilan,Freehold,472910.0,31,1428.7311178247735,7.265241676081026,3.4657359027997265,0,0,0,0,0,1,0,1,0
TAMAN SRI RAMBAI,Bukit Mertajam,Penang,Freehold,400000.0,31,2234.63687150838,7.7122814201511005,3.4657359027997265,0,0,0,0,0,1,0,1,0
TAMAN CHERAS PERDANA,Cheras,Selangor,Freehold,445000.0,31,1232.6869806094182,7.117762509896516,3.4657359027997265,0,0,0,0,0,0,0,1,0
SENIBONG COVE,Permas Jaya,Johor,Freehold,1680000.0,31,3016.157989228007,8.012070604121439,3.4657359027997265,0,0,0,0,0,1,0,1,0
BANDAR SIBU JAYA,Sibu,Sarawak,Leasehold,200000.0,31,1538.4615384615386,7.339187983916088,3.4657359027997265,0,0,0,0,0,0,0,1,0
Residensi 22,Mont Kiara,Kuala Lumpur,Freehold,2200000.0,31,2048.417132216015,7.62531070595594,3.4657359027997265,0,0,0,1,0,0,0,0,0
Flat Taman Perling,Perling,Johor,Freehold,150000.0,31,549.4505494505495,6.310737123700217,3.4657359027997265,0,0,0,0,1,0,0,0,0
ARC @ Austin Hills,Johor Bahru,Johor,Freehold,360000.0,31,711.4624505928854,6.568727209831797,3.4657359027997265,0,0,0,0,0,0,1,0,0
TAMAN KLUANG BARAT,Kluang,Johor,Freehold,176500.0,30,820.9302325581396,6.711655516220667,3.4339872044851463,0,0,0,0,0,1,0,1,0
TAMAN RIA MESRA 2,Gurun,Kedah,Freehold,210000.0,30,1544.1176470588234,7.342855333396453,3.4339872044851463,0,0,0,0,0,1,0,1,0
SS22 & SS22A DAMANSARA JAYA,Petaling Jaya,Selangor,Freehold,1565000.0,30,2385.670731707317,7.777654674514454,3.4339872044851463,0,0,0,0,0,0,0,1,0
TAMAN SERI ANDALAS,Klang,Selangor,Leasehold,475000.0,30,1655.0522648083625,7.4121918953217865,3.4339872044851463,0,0,0,0,0,1,0,1,0
TAMAN RAIA PERMAI,Simpang Pulai,Perak,Leasehold,85000.0,30,1307.6923076923076,7.176783679220601,3.4339872044851463,0,0,0,0,0,0,0,1,0
TAMAN CASSIA,Alor Setar,Kedah,Freehold,300000.0,30,2564.102564102564,7.849753742810349,3.4339872044851463,0,0,0,0,0,1,0,0,0
BANDAR SELESA JAYA,Skudai,Johor,Freehold,462500.0,30,1431.8885448916408,7.26744764733764,3.4339872044851463,0,0,0,0,0,0,0,1,0
BANDAR PARKLANDS,Klang,Selangor,Freehold,879000.0,30,2044.1860465116279,7.623244040628115,3.4339872044851463,0,0,0,0,0,0,0,1,0
TAMAN IPOH,Ipoh,Perak,Freehold,347500.0,30,1772.9591836734694,7.480969154529,3.4339872044851463,0,0,0,0,0,0,0,1,0
TAMAN MALIM JAYA,Bachang,Melaka,Leasehold,296500.0,30,1220.164609053498,7.107560279973616,3.4339872044851463,0,0,0,0,0,0,0,1,0
TAMAN POKOK MANGGA,Balai Panjang,Melaka,Freehold and Leasehold,325000.0,30,1616.915422885572,7.388893823622739,3.4339872044851463,0,0,0,0,0,0,0,1,0
TAMAN KEMPAS INDAH,Tebrau,Johor,Freehold,644000.0,30,1933.933933933934,7.567828462211207,3.4339872044851463,0,0,1,0,0,0,0,1,0
TAMAN PANDAN PERDANA,Ampang,Selangor,Leasehold,722500.0,30,1492.7685950413222,7.309057464165567,3.4339872044851463,0,0,0,0,0,0,0,1,0
TAMAN GAMBANG DAMAI / DESA HIJAUAN,Hulu Lepar,Pahang,Leasehold,181500.0,30,1287.2340425531916,7.161027600213852,3.4339872044851463,0,0,0,0,0,0,0,1,0
TAMAN SAUJANA UTAMA,Saujana Utama,Selangor,Leasehold,497500.0,30,1764.1843971631206,7.476010438223719,3.4339872044851463,0,0,0,0,0,0,0,1,0
BUKIT ANAK DARA,Kijal,Terengganu,Freehold,274850.0,30,1552.8248587570622,7.348474821073542,3.4339872044851463,0,0,0,0,0,0,0,1,0
Endah Regal Condominium,Sri Petaling,Kuala Lumpur,Leasehold,550000.0,30,1141.0788381742739,7.040605423012011,3.4339872044851463,0,0,0,1,0,0,0,0,0
The Astaka @ 1 Bukit Senyum,Johor Bahru,Johor,Freehold,2386358.0,30,2261.950710900474,7.724424864972335,3.4339872044851463,0,0,0,0,0,0,1,0,0
The Z Residence,Bukit Jalil,Kuala Lumpur,Freehold,628000.0,30,1273.8336713995943,7.150570995278449,3.4339872044851463,0,0,0,1,0,0,0,0,0
Sri Saujana,Georgetown,Penang,Leasehold,260000.0,30,646.7661691542288,6.473529781159587,3.4339872044851463,1,0,0,0,0,0,0,0,0
TAMAN JUASSEH SENTOSA FASA 2,Juasseh,Negeri Sembilan,Freehold,249800.0,29,1581.012658227848,7.366453149703836,3.4011973816621555,0,0,0,0,0,0,0,1,0
"TAMAN MELATI INDAH, PUNDUT",Lumut,Perak,Freehold,420000.0,29,1555.5555555555557,7.350230681859895,3.4011973816621555,0,0,0,0,0,0,0,1,0
PANORAMA LAPANGAN MUTIARA,Ipoh,Perak,Leasehold,435000.0,29,1421.5686274509803,7.260219409090534,3.4011973816621555,0,0,0,0,0,0,0,1,0
TAMAN ALAMANDA (KEDIAMAN),Bahau,Negeri Sembilan,Leasehold,239999.0,29,1304.3423913043478,7.174220654159707,3.4011973816621555,0,0,0,0,0,0,0,1,0
TAMAN SUNGAI RAMBAI MESRA,Sungai Rambai,Melaka,Freehold,367000.0,29,2698.529411764706,7.900832744862818,3.4011973816621555,0,0,1,0,0,0,0,0,0
TAMAN MELODIES,Johor Bahru,Johor,Freehold,980000.0,29,3563.6363636363635,8.178817325860829,3.4011973816621555,0,1,0,0,0,1,0,0,0
TAMAN INTAN,Kluang,Johor,Freehold,220000.0,29,1170.212765957447,7.065795043043004,3.4011973816621555,0,0,0,0,0,0,0,1,0
TAMAN DESA SAUJANA,Arau,Perlis,Freehold,414428.0,29,2021.6,7.61213909146807,3.4011973816621555,0,0,0,0,0,1,0,1,0
TAMAN PERDA INDAH,Tasek Gelugor,Penang,Freehold,343800.0,29,2189.808917197452,7.6920261231940765,3.4011973816621555,0,0,0,0,0,0,0,1,0
JADE HILLS,Kajang,Selangor,Freehold,2330000.0,29,4707.070707070707,8.457033486761594,3.4011973816621555,0,1,1,0,0,1,0,0,0
ISLAND GLADES,Jelutong,Penang,Freehold,1000000.0,29,1582.2784810126582,7.367252964189522,3.4011973816621555,0,0,0,0,0,0,0,1,0
Seksyen 1 Wangsa Maju Flat,Wangsa Maju,Kuala Lumpur,Leasehold,220000.0,29,531.4009661835748,6.27739690128936,3.4011973816621555,0,0,0,0,1,0,0,0,0
Taman Pelangi,Perai,Penang,Leasehold,100000.0,29,595.2380952380952,6.390640075945525,3.4011973816621555,0,0,0,0,1,0,0,0,0
Twin Galaxy (Dwi Galaksi),Johor Bahru,Johor,Freehold,586000.0,29,914.1965678627145,6.819138870468495,3.4011973816621555,0,0,0,0,0,0,1,0,0
TAMAN RIMBAYU,Tanjong Duabelas,Selangor,Leasehold,760000.0,28,1520.0,7.327123292259293,3.367295829986474,0,0,0,0,0,0,0,1,0
BANGI AVENUE,Bangi,Selangor,Freehold,607500.0,28,1453.3492822966507,7.282313850906932,3.367295829986474,0,0,0,0,0,0,0,1,0
TAMAN BIDORIA RESIDENSI,Bidor,Perak,Leasehold,245000.0,28,1400.0,7.244941546337007,3.367295829986474,0,0,0,0,0,0,0,1,0
BERTAM PERDANA 2 - LAKEVIEW,Kepala Batas,Penang,Freehold,618744.0,28,2283.188191881919,7.733765963126706,3.367295829986474,0,1,0,0,0,0,0,1,0
YARRA PARK (RESIDENSI SINAR),Sungai Petani,Kedah,Freehold,200000.0,28,1398.6013986013986,7.243942759779543,3.367295829986474,0,0,0,0,0,0,0,1,0
TAMAN KOTA SELESA,Kota Tinggi,Johor,Freehold,424150.0,28,1542.3636363636363,7.341719493012263,3.367295829986474,0,0,0,0,0,0,0,1,0
LOT 11666-11704 PERUMAHAN BALOK PERDANA,Sungai Karang,Pahang,Leasehold,315000.0,28,1536.5853658536585,7.3379685206458,3.367295829986474,0,0,0,0,0,0,0,1,0
GREEN PAVILION RESIDENCE,Kulai,Johor,Freehold,685000.0,28,1498.9059080962802,7.313157657187009,3.367295829986474,0,0,0,0,0,0,0,1,0
BANDAR BARU KAMPAR,Kampar,Perak,Leasehold,272500.0,28,1397.4358974358975,7.243109674934992,3.367295829986474,0,0,0,0,0,0,0,1,0
PROTON CITY,Ulu Bernam,Perak,Freehold,467500.0,28,2215.6398104265404,7.703747729311346,3.367295829986474,0,0,0,0,0,0,0,1,0
TAMAN PAYA RUMPUT PERDANA,Paya Rumput,Melaka,Freehold,627500.0,28,3971.518987341772,8.287155678095301,3.367295829986474,0,1,0,0,0,0,0,0,1
TAMAN TANJUNG MINYAK PERDANA,Tanjong Minyak,Melaka,Leasehold,300000.0,28,1522.8426395939086,7.328990476055802,3.367295829986474,0,0,0,0,0,0,0,1,1
TAMAN SOON HUP(JALAN PERMAI),Sibu,Sarawak,Leasehold,377500.0,28,2108.9385474860337,7.654414101631787,3.367295829986474,0,0,0,0,0,0,0,1,0
TAMAN SAUJANA PUCHONG,Puchong,Selangor,Freehold and Leasehold,531000.0,28,1419.7860962566845,7.25896558633465,3.367295829986474,0,0,0,0,0,0,0,1,0
LAMAN SETIA,Skudai,Johor,Freehold,650000.0,28,1525.8215962441313,7.330943465547127,3.367295829986474,0,0,0,0,0,0,0,1,0
TAMAN KLEBANG PUTRA,Ipoh,Perak,Freehold,317600.0,28,1519.6172248803828,7.32687160041687,3.367295829986474,0,0,0,0,0,0,0,1,0
TAMAN KELADI FASA 2,Sungai Petani,Kedah,Freehold,215000.0,28,1221.590909090909,7.108727581848764,3.367295829986474,0,0,0,0,0,0,0,1,0
TAMAN PEREPAT INDAH,Kapar,Selangor,Leasehold,371159.0,28,1245.5,7.128094902963612,3.367295829986474,0,0,0,0,0,0,0,1,0
TAMAN BUKIT REBANA [SP HEIGHTS],Sungai Petani,Kedah,Freehold,300000.0,28,2631.5789473684213,7.875719233062128,3.367295829986474,0,0,0,0,0,1,0,0,0
TAMAN BUKIT MEWAH,Kajang,Selangor,Freehold,470000.0,28,1432.9268292682927,7.268171994242856,3.367295829986474,0,0,0,0,0,0,0,1,0
BANDAR METRO PUCHONG,Puchong,Selangor,Leasehold,925000.0,28,1691.0420475319927,7.433691390644623,3.367295829986474,0,0,0,0,0,0,0,1,0
TABUAN JAYA,Kuching,Sarawak,Leasehold,625000.0,28,2893.5185185185187,7.970574061328449,3.367295829986474,0,0,0,0,0,1,0,1,0
LEISURE FARM,Gelang Patah,Johor,Freehold,650000.0,28,1540.2843601895734,7.340371347945916,3.367295829986474,0,0,0,0,0,1,0,0,1
TAMAN NUSA DAMAI,Pasir Gudang,Johor,Freehold,365000.0,28,1181.2297734627832,7.075157572866559,3.367295829986474,0,0,0,0,0,0,0,1,0
TAMAN INDAH JAYA,Sandakan,Sabah,Leasehold,395000.0,28,1542.96875,7.3421114907425915,3.367295829986474,0,0,0,0,0,0,0,1,0
BANDAR BARU TRONOH (TAMAN TRONOH BARU),Tronoh,Perak,Leasehold,263000.0,28,1384.2105263157894,7.233607411630053,3.367295829986474,0,0,0,0,0,0,0,1,0
Rampai Court,Wangsa Maju,Kuala Lumpur,Freehold,231000.0,28,592.3076923076923,6.385713138472463,3.367295829986474,1,0,0,0,0,0,0,0,0
Nusa Heights (Nusa Puncak),Iskandar Puteri (Nusajaya),Johor,Freehold,415000.0,28,920.1773835920177,6.825652616616075,3.367295829986474,1,0,0,0,0,0,0,0,0
Pangsapuri Persiaran Tanjung,Tampoi,Johor,Leasehold,285000.0,28,959.5959595959596,6.867553883096498,3.367295829986474,1,0,0,0,0,0,0,0,0
Mutiara Condominium,Bukit Mertajam,Penang,Freehold,260000.0,28,740.7407407407408,6.608999776101094,3.367295829986474,0,0,0,1,0,0,0,0,0
Ladang Tok Pelam,Kuala Terengganu,Terengganu,Leasehold,232000.0,28,840.5797101449275,6.7352807330247275,3.367295829986474,1,0,0,0,0,0,0,0,0
Seri Baiduri,Ulu Tiram,Johor,Freehold,35000.0,28,700.0,6.55250788703459,3.367295829986474,1,0,0,0,0,0,0,0,0
Taman Bunga Negara,Shah Alam,Selangor,Freehold,207500.0,28,722.9965156794425,6.58478657977668,3.367295829986474,0,0,0,0,1,0,0,0,0
Flat Taman Melati,Setapak,Kuala Lumpur,Freehold,207500.0,28,636.5030674846626,6.457559088761652,3.367295829986474,0,0,0,0,1,0,0,0,0
TAMAN ANGSAMAS 2,Rasah,Negeri Sembilan,Freehold,80000.0,27,1194.0298507462687,7.085926443757614,3.332204510175204,0,0,0,0,0,0,0,1,0
TAMAN KIARA,Kuala Selangor,Selangor,Freehold,308000.0,27,1193.7984496124031,7.0857327887284605,3.332204510175204,0,0,0,0,0,0,0,1,0
"SKIM PERUMAHAN PERAKKU, TANJUNG TUALANG",Tanjong Tualang,Perak,Leasehold,180000.0,27,1538.4615384615386,7.339187983916088,3.332204510175204,0,0,0,0,0,0,0,1,0
TAMAN KAMPAR BESTARI,Kampar,Perak,Leasehold,269800.0,27,2193.4959349593496,7.693707656749881,3.332204510175204,0,0,0,0,0,1,0,1,0
TAMAN BUKIT KOMAN 2,Raub,Pahang,Leasehold,297600.0,27,1430.7692307692307,7.266666182836796,3.332204510175204,0,0,0,0,0,0,0,1,0
EVERGREEN GARDEN RESIDENCE,Cyberjaya,Selangor,Freehold,1450000.0,27,3172.866520787746,8.062705846259954,3.332204510175204,0,0,0,0,0,1,0,1,0
TAMAN SERI IPIL,Nibong Tebal,Penang,Freehold,520000.0,27,2810.810810810811,7.941583971439188,3.332204510175204,0,1,0,0,0,1,0,0,0
SETIA IMPIAN 4,Setia Alam,Selangor,Freehold,705000.0,27,1310.4089219330856,7.178857351171548,3.332204510175204,0,0,0,0,0,0,0,1,0
TAMAN SUNGAI KAPAR INDAH,Kapar,Selangor,Freehold,450000.0,27,1300.578034682081,7.171332680134038,3.332204510175204,0,0,0,0,0,0,0,1,0
TAMAN RAWANG PERDANA,Rawang,Selangor,Freehold,460000.0,27,1428.5714285714287,7.265129978035143,3.332204510175204,0,0,0,0,0,0,0,1,0
TAMAN KLEBANG RIA,Chemor,Perak,Freehold,398800.0,27,1429.3906810035842,7.265702889439683,3.332204510175204,0,0,0,0,0,0,0,1,0
TAMAN SELAYANG MUTIARA,Selayang,Selangor,Leasehold,450000.0,27,2205.8823529411766,7.699336098511108,3.332204510175204,0,0,0,0,0,1,0,0,0
TAMAN DESA PUTERA,Klang,Selangor,Freehold and Leasehold,548000.0,27,1387.3417721518988,7.235865344295079,3.332204510175204,0,0,0,0,0,0,0,1,0
BANDAR AMANJAYA (ZON MAWAR),Sungai Petani,Kedah,Freehold,240000.0,27,1428.5714285714287,7.265129978035143,3.332204510175204,0,1,0,0,0,0,0,1,0
TAMAN DESA MURNI,Butterworth,Penang,Freehold and Leasehold,350000.0,27,883.8383838383838,6.785405011199621,3.332204510175204,0,0,0,0,0,0,0,1,1
TAMAN INDAH SATELIT,Tampin,Negeri Sembilan,Freehold,285000.0,27,1647.3988439306358,7.407559698136241,3.332204510175204,0,0,0,0,0,0,0,1,0
PELABUHAN KLANG,Port Klang,Selangor,Freehold,420000.0,27,1686.7469879518073,7.431149775267333,3.332204510175204,0,0,0,0,0,0,0,1,0
"Teratai Mewah Apartment Block 15,17,19,21",Setapak,Kuala Lumpur,Freehold,250000.0,27,670.2412868632708,6.509128665274426,3.332204510175204,1,0,0,0,0,0,0,0,0
Seksyen 24 Shah Alam,Shah Alam,Selangor,Leasehold,185000.0,27,633.5616438356165,6.452934435840583,3.332204510175204,0,0,0,0,1,0,0,0,0
Akasia,Klang,Selangor,Freehold,380000.0,27,752.4752475247525,6.624696167526649,3.332204510175204,1,0,0,0,0,0,0,0,0
Taman Bunga Raya,Serendah,Selangor,Leasehold,130000.0,27,695.187165775401,6.545618540526868,3.332204510175204,0,0,0,0,1,0,0,0,0
BK 4 - PERUMAHAN KINRARA,Bandar Kinrara,Selangor,Freehold,702500.0,26,1618.663594470046,7.389973748928037,3.295836866004329,0,0,0,0,0,0,0,1,0
IRAMA SENDAYAN 2B,Labu,Negeri Sembilan,Freehold,603444.0,26,1423.2169811320755,7.2613774547546255,3.295836866004329,0,0,0,0,0,0,0,1,0
DESA PARK CHEMOR,Ipoh,Perak,Freehold,338000.0,26,1251.851851851852,7.133177713150682,3.295836866004329,0,0,1,0,0,0,0,0,0
TAMAN KLEBANG PERDANA,Ipoh,Perak,Freehold,513967.0,26,1411.9972527472528,7.253468438413178,3.295836866004329,0,0,0,0,0,0,0,1,0
TAMAN SRI PUTRI,Skudai,Johor,Freehold,540000.0,26,1569.7674418604652,7.359319595382135,3.295836866004329,0,0,0,0,0,0,0,1,0
TAMAN IMPIANA BIDOR,Bidor,Perak,Freehold and Leasehold,248960.0,26,1536.79012345679,7.338101680062688,3.295836866004329,0,0,0,0,0,0,0,1,0
TAMAN DAHLIA,Tampoi,Johor,Leasehold,300000.0,26,1041.6666666666667,6.949536812997092,3.295836866004329,0,0,0,0,0,0,0,1,0
TAMAN SEMARAK,Tawau,Sabah,Leasehold,200000.0,26,975.609756097561,6.884087141437953,3.295836866004329,0,0,1,0,0,0,0,1,0
TAMAN MAWAR,Pasir Gudang,Johor,Leasehold,390000.0,26,1246.0063897763578,7.12850106978588,3.295836866004329,0,0,0,0,0,0,0,1,0
SEKSYEN 4 BANDAR BARU BANGI,Bangi,Selangor,Leasehold,535000.0,26,1917.562724014337,7.559331603452449,3.295836866004329,0,1,0,0,0,0,0,1,0
TAMAN BISTARI MENGLEMBU,Menglembu,Perak,Leasehold,408000.0,26,1096.774193548387,7.001039948414077,3.295836866004329,0,0,0,0,0,0,0,1,0
UNI GARDEN,Kota Samarahan,Sarawak,Freehold,510000.0,26,2142.8571428571427,7.670361888840676,3.295836866004329,0,0,0,0,0,0,0,1,0
BANDAR PUTERI HILLPARK,Sungai Petani,Kedah,Freehold,300000.0,26,1851.851851851852,7.524481272658421,3.295836866004329,0,0,0,0,0,0,0,1,0
BANDAR BARU PUTRA,Ipoh,Perak,Freehold and Leasehold,212500.0,26,1336.4779874213837,7.198541020632024,3.295836866004329,0,0,0,0,0,0,0,1,0
BANDAR BARU KOTA PUTRI,Masai,Johor,Freehold,335000.0,26,856.7774936061381,6.754344734394366,3.295836866004329,0,0,0,0,0,0,0,1,0
TAMAN PELANGI INDAH,Tebrau,Johor,Freehold,904900.0,26,1820.7243460764587,7.50753877442926,3.295836866004329,0,0,0,0,0,0,0,1,0
TAMAN PUTERA/SURIA,Johor Bahru,Johor,Freehold,625000.0,26,1822.1574344023325,7.508325131016952,3.295836866004329,0,0,0,0,0,0,0,1,0
TAMAN BUKIT CHENG,Cheng,Melaka,Freehold,370000.0,26,1445.3125,7.276772492785891,3.295836866004329,0,0,0,0,0,0,0,1,0
TAMAN BUKIT JAYA,Ulu Tiram,Johor,Freehold,460000.0,26,1483.8709677419354,7.303083157052138,3.295836866004329,0,0,0,0,0,0,0,1,0
BANDAR PUTERI JAYA SEKSYEN 3,Sungai Petani,Kedah,Freehold,370000.0,26,3135.593220338983,8.050892528229832,3.295836866004329,0,0,0,0,0,1,0,1,0
AMVERTON HILLS SUNGAI BULOH,Sungai Buloh,Selangor,Freehold,1703888.0,26,3220.9603024574667,8.077745242884317,3.295836866004329,0,1,0,0,0,1,0,0,0
BANDAR TASIK IDAMAN,Batu Gajah,Perak,Leasehold,440300.0,26,1630.7407407407406,7.397402663064259,3.295836866004329,0,0,0,0,0,0,0,1,0
TAMAN ANGSAMAS,Rasah,Negeri Sembilan,Freehold,205000.0,26,1191.860465116279,7.084109453913129,3.295836866004329,0,0,0,0,0,0,0,1,0
TAMAN KENARI FASA 1,Kulim,Kedah,Freehold,300000.0,26,1449.2753623188405,7.279508722432415,3.295836866004329,0,0,0,0,0,1,0,1,0
TAMAN PENAGA MEWAH,Ampangan,Negeri Sembilan,Freehold,487910.0,26,1398.0229226361032,7.243529359546333,3.295836866004329,0,0,0,0,0,0,0,1,0
TAMAN PUTRA PERMAI,Seri Kembangan,Selangor,Leasehold,722500.0,26,2112.5730994152045,7.6561352063097035,3.295836866004329,0,0,0,0,0,0,0,1,0
TAMAN DESARU UTAMA,Pengerang,Johor,Leasehold,330000.0,26,1314.7410358565737,7.182155311257287,3.295836866004329,0,0,0,0,0,1,0,1,0
Sky Peak Residences,Tampoi,Johor,Freehold,445000.0,26,1032.4825986078886,6.940689541638892,3.295836866004329,0,0,0,0,0,0,1,0,0
Kondo Rakyat,Kuala Ibai,Terengganu,Leasehold,66500.0,26,627.3584905660377,6.443110848448635,3.295836866004329,0,0,0,0,1,0,0,0,0
Almyra Residences,Bangi,Selangor,Freehold,450400.0,26,956.2632696390658,6.864078452511588,3.295836866004329,0,0,0,1,0,0,0,0,0
UDA UTAMA,Skudai,Johor,Freehold,600000.0,25,1851.851851851852,7.524481272658421,3.258096538021482,0,1,0,0,0,0,0,1,0
TAMAN BANDAR UNIVERSITI PARIT RAJA,Batu Pahat,Johor,Freehold,326970.0,25,1564.4497607655503,7.355928448757139,3.258096538021482,0,0,0,0,0,0,0,1,0
TAMAN NUSARI BAYU 1,Bandar Sri Sendayan,Negeri Sembilan,Freehold,300000.0,25,1449.2753623188405,7.279508722432415,3.258096538021482,0,0,0,0,0,0,0,1,0
TEMPLER RESIDENCE,Rawang,Selangor,Freehold,837000.0,25,1615.8301158301158,7.388222792728228,3.258096538021482,0,0,0,0,0,0,0,1,0
TAMAN TTDI GROVE,Bangi,Selangor,Freehold,1068000.0,25,3197.604790419162,8.070469990716864,3.258096538021482,0,0,0,0,0,1,0,0,0
BK 8 - PERUMAHAN KINRARA,Bandar Kinrara,Selangor,Freehold,2400000.0,25,3934.4262295081967,8.277774472522609,3.258096538021482,0,0,0,0,0,1,0,1,0
TAMAN MAWAR INDAH,Raub,Pahang,Freehold,420000.0,25,3206.1068702290077,8.073124523188126,3.258096538021482,0,0,0,0,0,1,0,0,0
SEKSYEN 14,Petaling Jaya,Selangor,Leasehold,715000.0,25,2147.1471471471473,7.672360957540894,3.258096538021482,0,0,0,0,0,0,0,1,0
TAMAN PERDANA,Simpang Ampat,Penang,Freehold,575000.0,25,1537.433155080214,7.338519745706542,3.258096538021482,0,0,0,0,0,0,0,1,0
TAMAN PSJ,Sungai Karang,Pahang,Freehold,265000.0,25,1286.4077669902913,7.160385992682724,3.258096538021482,0,0,0,0,0,1,0,1,0
BANDAR MUTIARA,Sungai Petani,Kedah,Freehold,280000.0,25,1505.3763440860216,7.317462273612379,3.258096538021482,0,0,0,0,0,1,0,1,0
TAMAN ANGKASA NURI,Durian Tunggal,Melaka,Leasehold,280000.0,25,1314.5539906103286,7.182013141531218,3.258096538021482,0,0,0,0,0,0,0,1,0
TAMAN EHSAN,Kepong,Selangor,Leasehold,505000.0,25,1655.7377049180327,7.4126057097354465,3.258096538021482,0,0,0,0,0,0,0,1,0
TAMAN PUTERI JAYA,Batu Pahat,Johor,Freehold,468000.0,25,1636.3636363636363,7.400842688538686,3.258096538021482,0,0,0,0,0,1,0,1,0
BANDAR TROPICANA AMAN,Tanjong Duabelas,Selangor,Leasehold,1300000.0,25,2663.934426229508,7.887934730754825,3.258096538021482,0,0,0,0,0,1,0,1,0
TAMAN BUKIT TERATAI,Ampang,Selangor,Leasehold,505000.0,25,1142.5339366515836,7.041878690898787,3.258096538021482,0,0,0,0,0,0,0,1,1
Permata Apartment,Bukit Mertajam,Penang,Freehold,180000.0,25,625.0,6.439350371100098,3.258096538021482,1,0,0,0,0,0,0,0,0
Savanna Executive Suite @ Southville City,Bangi,Selangor,Freehold,360000.0,25,957.4468085106383,6.865314066434229,3.258096538021482,0,0,0,0,0,0,1,0,0
Idaman Selasih,Bayan Lepas,Penang,Freehold,320000.0,25,677.9661016949152,6.520571202446354,3.258096538021482,0,0,0,0,1,0,0,0,0
Bandar Tasik Selatan (Low Cost),Bandar Tasik Selatan,Kuala Lumpur,Leasehold,190000.0,25,673.7588652482269,6.514355390379016,3.258096538021482,0,0,0,0,1,0,0,0,0
Pelangi Utama,Bandar Utama,Selangor,Leasehold,480000.0,25,1043.4782608695652,6.951272767826046,3.258096538021482,0,0,0,1,0,0,0,0,0
Jasa,Skudai,Johor,Leasehold,150000.0,25,614.7540983606557,6.422847692862631,3.258096538021482,0,0,0,0,1,0,0,0,0
Taman Mutiara,Labuan,Labuan,Leasehold,130000.0,25,769.2307692307693,6.646690170246266,3.258096538021482,0,0,0,0,1,0,0,0,0
Taman Sri Tanjung,Semenyih,Selangor,Freehold,296400.0,25,981.4569536423841,6.890056529696963,3.258096538021482,1,0,0,0,0,0,0,0,0
Taman Pulai Utama,Skudai,Johor,Freehold,150000.0,25,657.8947368421053,6.490563790093222,3.258096538021482,0,0,0,0,1,0,0,0,0
Taman Pauh Indah,Perai,Penang,Freehold,185000.0,25,585.4430379746835,6.374075541424089,3.258096538021482,0,0,0,0,1,0,0,0,0
Pelangi Damansara,Bandar Utama,Selangor,Leasehold,450000.0,25,781.25,6.662174382548992,3.258096538021482,1,0,0,0,0,0,0,0,0
SuriaMas Suites,Johor Bahru,Johor,Leasehold,400000.0,25,938.9671361502348,6.845844913110577,3.258096538021482,0,0,0,0,0,0,1,0,0
Trefoil,Setia Alam,Selangor,Freehold,300000.0,25,547.4452554744526,6.307087467030341,3.258096538021482,0,0,0,0,0,0,1,0,0
Residensi Adelia,Bangi,Selangor,Freehold,350000.0,25,1083.59133126935,6.988958541814951,3.258096538021482,0,0,0,1,0,0,0,0,0
SS5 PETALING JAYA,Petaling Jaya,Selangor,Freehold,700000.0,24,1851.851851851852,7.524481272658421,3.2188758248682006,0,0,0,0,0,0,0,1,0
TAMAN LAVENDER HEIGHTS,Senawang,Negeri Sembilan,Freehold,440000.0,24,1896.551724137931,7.548319767995986,3.2188758248682006,0,1,0,0,0,0,0,0,0
"ELEMEN @ 18, PENGKALAN",Ipoh,Perak,Leasehold,428000.0,24,2547.6190476190477,7.843306941508018,3.2188758248682006,0,0,1,0,0,0,0,0,0
TAMAN MAWAR,Sandakan,Sabah,Leasehold,325000.0,24,1190.4761904761904,7.0829483135243585,3.2188758248682006,0,0,0,0,0,0,0,1,0
TAMAN SATU KRUBONG,Krubong,Melaka,Freehold,685000.0,24,2927.3504273504273,7.982194549392086,3.2188758248682006,0,1,0,0,0,0,0,1,0
TAMAN INDERAWASIH,Perai,Penang,Freehold,514000.0,24,1616.3522012578617,7.388545647398184,3.2188758248682006,0,0,0,0,0,0,0,1,0
BANDAR BUKIT MAHKOTA,Bangi,Selangor,Freehold,447500.0,24,1327.893175074184,7.192101675553474,3.2188758248682006,0,0,1,0,0,1,0,1,0
TAMAN BUKIT GALENA,Seremban,Negeri Sembilan,Freehold,492500.0,24,1784.4202898550725,7.487409122999649,3.2188758248682006,0,0,0,0,0,1,0,1,0
TAMAN NUSANTARA PRIMA,Gelang Patah,Johor,Freehold,675000.0,24,2002.967359050445,7.602884174173127,3.2188758248682006,0,0,1,0,0,0,0,1,0
TAMAN NUSA INDAH,Iskandar Puteri (Nusajaya),Johor,Freehold,650000.0,24,1522.248243559719,7.328600336040605,3.2188758248682006,0,0,0,0,0,0,0,1,0
TAMAN BANTING BARU,Banting,Selangor,Freehold,315000.0,24,1270.1612903225807,7.147686163470767,3.2188758248682006,0,0,0,0,0,0,0,1,0
TAMAN JASMIN,Kajang,Selangor,Freehold,442000.0,24,1238.095238095238,7.122136745579987,3.2188758248682006,0,0,0,0,0,0,0,1,0
KINRARA RESIDENCE,Puchong,Selangor,Leasehold,1890000.0,24,2635.983263598326,7.877390839574832,3.2188758248682006,0,0,0,0,0,1,0,1,0
TAMAN NURI,Durian Tunggal,Melaka,Freehold,699000.0,24,3281.6901408450703,8.096418530118541,3.2188758248682006,0,0,1,0,0,1,0,0,0
TAMAN NUSA INTAN,Ampangan,Negeri Sembilan,Freehold,382500.0,24,1655.844155844156,7.412669961008318,3.2188758248682006,0,0,0,0,0,0,0,1,0
TAMAN UNIVERSITI INDAH,Seri Kembangan,Selangor,Freehold,582500.0,24,1221.1740041928722,7.108386522551149,3.2188758248682006,0,0,0,0,0,1,0,1,0
TAMAN KERJASAMA,Bukit Baru,Melaka,Freehold,380000.0,24,1551.0204081632653,7.347312850246442,3.2188758248682006,0,0,0,0,0,0,0,1,0
SRI INDERAPURA,Kuantan,Pahang,Leasehold,192500.0,24,1283.3333333333333,7.157995055958048,3.2188758248682006,0,0,0,0,0,1,0,1,0
TAMAN BUKIT RANGIN PERDANA 1 & 2,Kuantan,Pahang,Leasehold,225000.0,24,1300.578034682081,7.171332680134038,3.2188758248682006,0,0,0,0,0,0,0,1,0
TAMAN SRI SERDANG,Seri Kembangan,Selangor,Leasehold,420000.0,24,1468.5314685314686,7.292698900077776,3.2188758248682006,0,0,0,0,0,0,0,1,0
SEKSYEN 13 SHAH ALAM,Shah Alam,Selangor,Leasehold,1750000.0,24,3871.6814159292035,8.261702418431739,3.2188758248682006,0,1,0,0,0,1,0,1,0
BANDAR SULTAN SULAIMAN,Kapar,Selangor,Leasehold,260000.0,24,1035.8565737051792,6.943948889797223,3.2188758248682006,0,0,0,0,0,0,0,1,0
TAMAN MAWAR,Serendah,Selangor,Freehold,398040.0,24,1300.7843137254902,7.1714911513848545,3.2188758248682006,0,0,0,0,0,0,0,1,0
TANJONG PINANG,Tanjong Tokong,Penang,Freehold,3450000.0,24,3010.471204188482,8.010184010488361,3.2188758248682006,0,0,0,0,0,0,0,1,0
DESA RESTU,Sepang,Selangor,Leasehold,575000.0,24,1315.7894736842106,7.182951836030139,3.2188758248682006,0,0,0,0,0,0,0,1,0
COUNTRY VILLAS,Bemban,Melaka,Leasehold,645000.0,24,1662.3711340206185,7.416601625683326,3.2188758248682006,0,0,0,0,0,1,0,1,0
Koi Kinrara,Puchong,Selangor,Freehold,560000.0,24,1052.6315789473683,6.959998122405276,3.2188758248682006,0,0,0,0,0,0,1,0,0
Puncak Erskine,Tanjong Tokong,Penang,Freehold,175000.0,24,603.448275862069,6.4043161012360725,3.2188758248682006,1,0,0,0,0,0,0,0,0
Subang Perdana Goodyear Court 10,Subang Jaya,Selangor,Freehold,374000.0,24,1016.304347826087,6.9249116116783975,3.2188758248682006,1,0,0,0,0,0,0,0,0
The Park Residences 1,Kampung Kerinchi (Bangsar South),Kuala Lumpur,Leasehold,1180000.0,24,1963.3943427620632,7.582939254280095,3.2188758248682006,0,0,0,1,0,0,0,0,0
Taman Cendana,Pasir Gudang,Johor,Leasehold,130000.0,24,517.9282868525896,6.251765697997543,3.2188758248682006,0,0,0,0,1,0,0,0,0
Pangsapuri Kasuarina,Klang,Selangor,Freehold,380000.0,24,904.7619047619048,6.808776473229418,3.2188758248682006,1,0,0,0,0,0,0,0,0
11 Mont Kiara @ MK11,Mont Kiara,Kuala Lumpur,Freehold,2800000.0,24,3337.3063170441,8.113218866651414,3.2188758248682006,0,0,0,1,0,0,0,0,0
TAMAN DESA CHEMOR IMPIAN,Chemor,Perak,Leasehold,342240.0,23,1402.622950819672,7.246811994971553,3.1780538303479458,0,0,0,0,0,0,0,1,0
TAMAN YPJ PUNGGAI,Pengerang,Johor,Freehold and Leasehold,278800.0,23,1401.0050251256282,7.245658651843196,3.1780538303479458,0,0,0,0,0,0,0,1,0
PINGGIRAN BAYU (MANTAU),Rasah,Negeri Sembilan,Freehold,488000.0,23,1398.2808022922636,7.243713670959417,3.1780538303479458,0,0,0,0,0,0,0,1,0
RASAH KEMAYAN (KEMAYAN COUNTRY TOWNSHIP),Rasah,Negeri Sembilan,Freehold,620000.0,23,4843.75,8.485650923406359,3.1780538303479458,0,1,0,0,0,0,0,0,0
LEMBAH BERINGIN,Kuala Kubu Baru,Selangor,Freehold,155000.0,23,2214.285714285714,7.703136664808835,3.1780538303479458,0,0,0,0,0,0,0,1,0
SEKSYEN 27 SHAH ALAM,Shah Alam,Selangor,Freehold,700000.0,23,1861.7021276595744,7.529783469283204,3.1780538303479458,0,0,0,0,0,1,0,1,0
TAMAN RAPAT PERMAI,Ipoh,Perak,Leasehold,368000.0,23,1650.2242152466367,7.409272240421132,3.1780538303479458,0,0,0,0,0,0,0,1,0
TIMUR,Bandar Enstek,Negeri Sembilan,Freehold,570000.0,23,2159.090909090909,7.677905587334642,3.1780538303479458,0,0,0,0,0,0,0,1,0
TAMAN BUKIT RAHMAN PUTRA,Sungai Buloh,Selangor,Freehold,700000.0,23,1650.9433962264152,7.409707689708443,3.1780538303479458,0,0,1,0,0,0,0,1,0
TAMAN WIRA (RPA MERGONG),Alor Setar,Kedah,Freehold,39600.0,23,1042.1052631578948,6.949957373357908,3.1780538303479458,0,0,0,0,0,0,0,1,0
TAMAN MERDEKA JAYA (AERONOTIK TAIPAN),Batu Berendam,Melaka,Leasehold,300000.0,23,1321.5859030837005,7.187344116695707,3.1780538303479458,0,0,0,0,0,0,0,1,0
TAMAN AMAN PERDANA,Kapar,Selangor,Freehold,850000.0,23,2647.97507788162,7.881928081104604,3.1780538303479458,0,0,0,0,0,1,0,0,0
SETAPAK JAYA,Setapak,Kuala Lumpur,Leasehold,240000.0,23,623.3766233766233,6.436753749402038,3.1780538303479458,0,0,1,0,0,0,0,0,0
TAMAN KLEBANG JAYA,Chemor,Perak,Leasehold,200000.0,23,1197.6047904191616,7.088913484694858,3.1780538303479458,0,0,0,0,0,0,0,1,0
VALENCIA,Sungai Buloh,Selangor,Freehold and Leasehold,2400000.0,23,4210.526315789473,8.345580406290917,3.1780538303479458,0,1,0,0,0,0,0,1,0
BANDAR BARU KUNDANG,Rawang,Selangor,Leasehold,642630.0,23,1409.2763157894738,7.251540932817885,3.1780538303479458,0,0,0,0,0,0,0,1,0
TAMAN KELEMAK UTAMA,Alor Gajah,Melaka,Freehold,398760.0,23,1303.137254901961,7.173296993774144,3.1780538303479458,0,0,0,0,0,0,0,1,0
SEKSYEN 21,Petaling Jaya,Selangor,Freehold,763000.0,23,1547.6673427991886,7.345150061252241,3.1780538303479458,0,1,0,0,0,0,0,1,0
BANDAR BUKIT TINGGI,Pandamaran,Selangor,Freehold,686000.0,23,1507.6923076923076,7.3189985331999745,3.1780538303479458,0,0,0,0,0,0,0,1,0
Amara,Batu Caves,Selangor,Freehold,430000.0,23,977.2727272727273,6.885788493402021,3.1780538303479458,0,0,0,0,0,0,1,0,0
I-Park Apartment,Sungai Ara,Penang,Freehold,250000.0,23,666.6666666666666,6.503789046997708,3.1780538303479458,0,0,0,0,1,0,0,0,0
Desa Lembah Permai,Ampang,Selangor,Leasehold,67000.0,23,656.8627450980392,6.488996315490619,3.1780538303479458,0,0,0,0,1,0,0,0,0
Juta Mines,Seri Kembangan,Selangor,Leasehold,450000.0,23,1216.2162162162163,7.104321740490937,3.1780538303479458,0,0,0,1,0,0,0,0,0
Beverly Hills 2,Kota Kinabalu,Sabah,Leasehold,300000.0,23,806.4516129032259,6.693883131200143,3.1780538303479458,1,0,0,0,0,0,0,0,0
Solaris Dutamas,Dutamas,Kuala Lumpur,Freehold,900000.0,23,1123.5955056179776,7.025178699422922,3.1780538303479458,0,0,0,0,0,0,1,0,0
Pangsapuri Perdana Villa,Klang,Selangor,Freehold,300000.0,23,967.741935483871,6.875998255971096,3.1780538303479458,1,0,0,0,0,0,0,0,0
D'Esplanade Residence,Johor Bahru,Johor,Freehold,550000.0,23,817.2362555720654,6.707151115894738,3.1780538303479458,0,0,0,0,0,0,1,0,0
The Platino Serviced Apartment,Tampoi,Johor,Freehold,601900.0,23,903.7537537537537,6.807662811375564,3.1780538303479458,0,0,0,0,0,0,1,0,0
Sri Impian Apartment,Johor Bahru,Johor,Leasehold,280000.0,23,958.9041095890411,6.86683339362821,3.1780538303479458,1,0,0,0,0,0,0,0,0
Taman Alor Vista,Bayan Lepas,Penang,Freehold,200000.0,23,516.795865633075,6.249581082799418,3.1780538303479458,1,0,0,0,0,0,0,0,0
Seremban Putra,Sikamat,Negeri Sembilan,Freehold,185000.0,23,837.10407239819,6.731142284176924,3.1780538303479458,1,0,0,0,0,0,0,0,0
Mutiara Idaman 1,Jelutong,Penang,Leasehold,282000.0,23,623.8938053097345,6.437581723795382,3.1780538303479458,0,0,0,0,1,0,0,0,0
Taman Pandan Indah,Ampang,Selangor,Leasehold,175000.0,23,662.8787878787879,6.498099584437131,3.1780538303479458,0,0,0,0,1,0,0,0,0
TAMAN RASAH JAYA II,Rasah,Negeri Sembilan,Freehold,235000.0,22,1291.2087912087911,7.164108274388952,3.1354942159291497,0,0,0,0,0,0,0,1,0
RUMAH MAKMUR KAMPUNG TIRAM,Kuantan,Pahang,Leasehold,80000.0,22,1095.890410958904,7.000234556432596,3.1354942159291497,0,0,0,0,0,0,0,1,0
TAMAN GOPENG MEWAH,Gopeng,Perak,Leasehold,277235.0,22,1660.0898203592815,7.415229184225458,3.1354942159291497,0,0,0,0,0,0,0,1,0
TAMAN LANG RESIDENCES,Ipoh,Perak,Freehold,459800.0,22,1401.8292682926829,7.246246382243323,3.1354942159291497,0,0,0,0,0,0,0,1,0
ASTANA PARK HOMES - VILLA NATURA,Sungai Petani,Kedah,Freehold,378000.0,22,1871.2871287128712,7.534916025998605,3.1354942159291497,0,1,0,0,0,1,0,1,0
TAMAN PERPADUAN KOPERASI,Tambun,Perak,Leasehold,342500.0,22,1585.648148148148,7.369378987154045,3.1354942159291497,0,0,0,0,0,0,0,1,0
GLENMARIE INDUSTRIAL PARK,Glenmarie,Selangor,Freehold,1875000.0,22,3038.897893030794,8.019579206017367,3.1354942159291497,0,0,0,0,0,1,0,1,0
DESA SETAPAK,Wangsa Maju,Kuala Lumpur,Freehold,413500.0,22,627.4658573596358,6.443281702544573,3.1354942159291497,0,0,0,0,0,0,0,1,0
TAMAN JUASSEH SENTOSA,Juasseh,Negeri Sembilan,Freehold,81500.0,22,1216.4179104477612,7.104487428000035,3.1354942159291497,0,0,0,0,0,0,0,1,0
TAMAN DESA,Muar,Johor,Freehold,490000.0,22,1661.0169491525423,7.4157871734094485,3.1354942159291497,0,0,0,0,0,0,0,1,0
TAMAN KAMPAR PUTRA,Kampar,Perak,Leasehold,259000.0,22,1628.9308176100628,7.39629284971606,3.1354942159291497,0,0,0,0,0,0,0,1,0
TAMAN MERAK,Simpang Ampat,Penang,Freehold,297500.0,22,1022.3367697594501,6.930823909978619,3.1354942159291497,0,0,0,0,0,0,0,1,0
TAMAN SRI LAYANG,Mentakab,Pahang,Freehold,170000.0,22,1062.5,6.969320634640292,3.1354942159291497,0,0,0,0,0,0,0,1,0
TAMAN PUSING PERMAI,Pusing,Perak,Leasehold,273800.0,22,1195.6331877729258,7.08726721563143,3.1354942159291497,0,0,0,0,0,0,0,1,0
DESA COALFIELDS,Ijok,Selangor,Freehold,467500.0,22,1442.9012345679012,7.275103919999941,3.1354942159291497,0,0,0,0,0,0,0,1,0
TAMAN MELATI FASA II,Jenjarom,Selangor,Freehold,680000.0,22,1622.9116945107398,7.392593143941965,3.1354942159291497,0,0,0,0,0,0,0,1,0
TAMAN DESA PUTERI,Bahau,Negeri Sembilan,Freehold,300000.0,22,1675.977653631285,7.42474843652947,3.1354942159291497,0,0,0,0,0,0,0,1,0
TAMAN SEJATI KEHIJAUAN,Klang,Selangor,Freehold,1138000.0,22,1955.3264604810997,7.578823738754611,3.1354942159291497,0,0,0,0,0,0,0,1,0
USJ 4,Subang Jaya,Selangor,Freehold,915000.0,22,1833.6673346693387,7.514618455045297,3.1354942159291497,0,0,0,0,0,0,0,1,0
TAMAN SAUJANA RAWANG,Rawang,Selangor,Leasehold,521000.0,22,1653.968253968254,7.411537105734895,3.1354942159291497,0,0,0,0,0,0,0,1,0
BEHRANG 2020 / TAMAN WAWASAN,Ulu Bernam,Perak,Freehold,252500.0,22,1275.2525252525252,7.15168334812728,3.1354942159291497,0,0,0,0,0,0,0,1,0
TAMAN MENTAKAB INDAH,Mentakab,Pahang,Freehold,105500.0,22,1044.5544554455446,6.952302603065172,3.1354942159291497,0,0,0,0,0,0,0,1,0
AVIRA GARDEN TERRACES @ MEDINI,Iskandar Puteri (Nusajaya),Johor,Freehold,999000.0,22,1755.7117750439368,7.471199030930747,3.1354942159291497,0,0,0,0,0,0,0,1,0
TAMAN PUCHONG PERDANA,Puchong,Selangor,Leasehold,375000.0,22,1096.4912280701753,7.00078215227062,3.1354942159291497,0,0,0,0,0,0,0,1,0
TAMAN PONTIAN PERDANA,Pontian,Johor,Freehold,541600.0,22,3610.6666666666665,8.19192462530235,3.1354942159291497,0,1,0,0,0,0,0,0,0
Bandar Baru Permas Jaya,Permas Jaya,Johor,Freehold,172500.0,22,743.5344827586207,6.612759167718533,3.1354942159291497,0,0,0,0,1,0,0,0,0
Bandar Damai Perdana (Low Cost),Cheras,Selangor,Freehold,457500.0,22,998.9082969432314,6.907663571720386,3.1354942159291497,0,0,0,1,0,0,0,0,0
Prima Regency,Johor Bahru,Johor,Freehold,351500.0,22,1058.7349397590363,6.965774099005593,3.1354942159291497,1,0,0,0,0,0,0,0,0
Seri Semarak (Asia Heights),Ayer Itam,Penang,Freehold,265000.0,22,623.5294117647059,6.436998424957357,3.1354942159291497,1,0,0,0,0,0,0,0,0
Jadite Suites,Kajang,Selangor,Freehold,688800.0,22,1459.322033898305,7.286412261543362,3.1354942159291497,0,0,0,0,0,0,1,0,0
Cyberia Smart Homes,Cyberjaya,Selangor,Freehold,250000.0,22,1050.420168067227,6.957897070308304,3.1354942159291497,0,0,0,1,0,0,0,0,0
Rasah Jaya Flat,Rasah,Negeri Sembilan,Freehold,68000.0,22,666.6666666666666,6.503789046997708,3.1354942159291497,0,0,0,0,1,0,0,0,0
Casa Tiara Serviced Apartment,Subang Jaya,Selangor,Freehold,416500.0,22,757.2727272727273,6.631043119443241,3.1354942159291497,0,0,0,0,0,0,1,0,0
Danga View Apartment,Tampoi,Johor,Freehold,420000.0,22,1235.2941176470588,7.1198735689711965,3.1354942159291497,1,0,0,0,0,0,0,0,0
D'Ambience Residences (Pangsapuri Ikatan Flora),Permas Jaya,Johor,Freehold,339000.0,22,856.060606060606,6.753508634954502,3.1354942159291497,0,0,0,0,0,0,1,0,0
Sri Lanang,Tebrau,Johor,Freehold,170000.0,22,752.212389380531,6.624347245639391,3.1354942159291497,0,0,0,0,1,0,0,0,0
Desa Permai Indah Flat,Sungai Dua,Penang,Leasehold,180000.0,22,548.780487804878,6.309519085477652,3.1354942159291497,0,0,0,0,1,0,0,0,0
The Heritage Residence,Seri Kembangan,Selangor,Leasehold,297500.0,22,784.9604221635884,6.666906437679987,3.1354942159291497,0,0,0,0,0,0,1,0,0
TAMAN PELANGI,Semenyih,Selangor,Freehold,450000.0,21,1495.016611295681,7.310561262280049,3.091042453358316,0,0,0,0,0,0,0,1,0
SETIA ECO GLADES,Cyberjaya,Selangor,Freehold,1200000.0,21,2339.1812865497077,7.757983678235369,3.091042453358316,0,1,0,0,0,0,0,1,0
JALAN JENDERAM-SALAK,Dengkil,Selangor,Freehold,1438800.0,21,2335.714285714286,7.756501070203212,3.091042453358316,0,0,1,0,0,0,0,0,0
"KEMUNING UTAMA, SEKSYEN 32",Shah Alam,Selangor,Freehold,828000.0,21,1652.6946107784431,7.410767221763765,3.091042453358316,0,0,0,0,0,0,0,1,0
TAMAN CHEPOR MUTIARA,Ipoh,Perak,Leasehold,398000.0,21,1693.6170212765958,7.435212048135373,3.091042453358316,0,0,1,0,0,0,0,1,0
PERUMAHAN MAKMUR KUALA LANAR INDAH JAYA,Kuala Lipis,Pahang,Leasehold,80000.0,21,1311.4754098360656,7.179670258927272,3.091042453358316,0,0,0,0,0,0,0,1,0
TAMAN CASSIA CEMPAKA,Batu Kawan,Penang,Freehold,625320.0,21,1583.0886075949368,7.367764509948054,3.091042453358316,0,0,0,0,0,1,0,1,0
TAMAN EKOFLORA,Tebrau,Johor,Freehold,960000.0,21,1811.3207547169811,7.502363487889249,3.091042453358316,0,0,1,0,0,0,0,1,0
TAMAN SERULING EMAS,Sungai Jawi,Penang,Freehold,325000.0,21,1666.6666666666667,7.419180722820095,3.091042453358316,0,0,0,0,0,0,0,1,0
TAMAN BANDAR SENAWANG,Senawang,Negeri Sembilan,Freehold,440000.0,21,1788.6178861788617,7.4897574046380795,3.091042453358316,0,0,0,0,0,0,0,1,0
TUNAS MAHKOTA,Kuantan,Pahang,Freehold and Leasehold,195000.0,21,1218.75,7.106401198695947,3.091042453358316,0,0,0,0,0,0,0,1,0
TAMAN DESA BUKIT PERMATA,Kapar,Selangor,Freehold,460000.0,21,2408.3769633507854,7.787123471631066,3.091042453358316,0,0,0,0,0,0,0,1,0
TAMAN RAJA MUDA MUSA II,Sitiawan,Perak,Freehold,288800.0,21,1604.4444444444443,7.381155909657392,3.091042453358316,0,0,0,0,0,0,0,1,0
TAMAN PUTRA PERDANA,Puchong,Selangor,Leasehold,450000.0,21,1573.4265734265734,7.361646404602306,3.091042453358316,0,0,0,0,0,0,0,1,0
DESA LAHAT SRI -WANG,Lahat,Perak,Leasehold,318880.0,21,1194.307116104869,7.086158432271107,3.091042453358316,0,0,0,0,0,0,0,1,0
TAMAN SAGA,Kulim,Kedah,Freehold,269500.0,21,1623.4939759036145,7.392951646825034,3.091042453358316,0,0,0,0,0,1,0,1,0
KUALA BESUT,Besut,Terengganu,Freehold,335000.0,21,1763.157894736842,7.475428742049007,3.091042453358316,0,1,0,0,0,1,0,1,0
TAMAN BUKIT KEPAYANG,Bukit Kepayang,Negeri Sembilan,Freehold,380000.0,21,1645.021645021645,7.406116531224457,3.091042453358316,0,0,0,0,0,0,0,1,0
KAMPUNG PADANG 1,Kuantan,Pahang,Leasehold,170000.0,21,1111.111111111111,7.0140153898827995,3.091042453358316,0,0,0,0,0,0,0,1,0
TAMAN PINJI MEWAH,Ipoh,Perak,Leasehold,285000.0,21,1666.6666666666667,7.419180722820095,3.091042453358316,0,0,0,0,0,1,0,1,0
TAMAN SEJAHTERA (SPT),Bukit Mertajam,Penang,Freehold,350000.0,21,1178.4511784511785,7.072804506258282,3.091042453358316,0,0,0,0,0,0,0,1,0
KEPONG GARDEN,Kepong,Kuala Lumpur,Freehold,780000.0,21,1797.2350230414747,7.494560920082989,3.091042453358316,0,0,0,0,0,0,0,1,0
TAMAN SETAPAK (SETAPAK GARDEN),Setapak,Kuala Lumpur,Freehold,600000.0,21,1759.5307917888563,7.473370628807876,3.091042453358316,0,0,0,0,0,0,0,1,0
WANGSA MELAWATI,Wangsa Maju,Kuala Lumpur,Freehold,720000.0,21,1245.674740484429,7.128235078043905,3.091042453358316,0,0,0,0,0,0,0,1,0
TAMAN DESA JAYA,Kepong,Selangor,Leasehold,500000.0,21,1432.6647564469913,7.267989211713198,3.091042453358316,0,0,0,0,0,0,0,1,0
SEKSYEN 5,Petaling Jaya,Selangor,Freehold and Leasehold,1700000.0,21,5014.749262536873,8.520338093530818,3.091042453358316,0,1,0,0,0,0,0,1,0
TAMAN KLEBANG MUTIARA,Ipoh,Perak,Leasehold,300000.0,21,1401.8691588785048,7.246274817648525,3.091042453358316,0,0,0,0,0,0,0,1,0
BANDAR SEGAMAT BARU,Segamat,Johor,Freehold,220000.0,21,1760.0,7.473637108496206,3.091042453358316,0,1,0,0,0,0,0,1,0
TAMAN BERSATU (BATAS PAIP),Kuala Kedah,Kedah,Freehold,200000.0,21,873.3624454148471,6.773494986963379,3.091042453358316,0,0,0,0,0,0,0,1,0
TAMAN LUMUT MEWAH 2,Lumut,Perak,Freehold,418800.0,21,1592.3954372623575,7.3736225134191065,3.091042453358316,0,0,0,0,0,0,0,1,0
BANDAR SIERRA PUCHONG,Puchong,Selangor,Leasehold,1260000.0,21,2206.6549912434325,7.699686141222227,3.091042453358316,0,0,0,0,0,0,0,1,1
RAZAKI,Ipoh,Perak,Leasehold,255000.0,21,1624.2038216560509,7.393388515609731,3.091042453358316,0,0,0,0,0,1,0,1,0
TAMAN SERI MENGKUANG,Kuala Selangor,Selangor,Freehold,342500.0,21,1542.7927927927929,7.341997520019815,3.091042453358316,0,0,0,0,0,0,0,1,0
TAMAN RAMBAI UTAMA,Tanjong Minyak,Melaka,Freehold,240000.0,21,1200.0,7.0909098220799835,3.091042453358316,0,0,0,0,0,0,0,1,0
"TAMAN PELANGI INDAH, SITIAWAN",Sitiawan,Perak,Freehold,480000.0,21,2891.5662650602408,7.9698993680743,3.091042453358316,0,0,0,0,0,1,0,0,0
Bayu Puteri 2,Johor Bahru,Johor,Leasehold,310000.0,21,903.7900874635568,6.807702969241851,3.091042453358316,1,0,0,0,0,0,0,0,0
Straits View Condominium,Permas Jaya,Johor,Freehold,495000.0,21,1628.2894736842106,7.395899293051085,3.091042453358316,0,0,0,1,0,0,0,0,0
Taman Mount Austin,Tebrau,Johor,Freehold,250000.0,21,570.7762557077625,6.348747753506175,3.091042453358316,0,0,0,0,1,0,0,0,0
PD Perdana,Port Dickson,Negeri Sembilan,Freehold,95000.0,21,753.968253968254,6.626675700640828,3.091042453358316,1,0,0,0,0,0,0,0,0
Seksyen 4 Wangsa Maju Flat,Wangsa Maju,Kuala Lumpur,Leasehold,210000.0,21,527.6381909547739,6.270304248812653,3.091042453358316,0,0,0,0,1,0,0,0,0
Bayu Puteri 3,Johor Bahru,Johor,Leasehold,350000.0,21,940.8602150537635,6.847856871902559,3.091042453358316,1,0,0,0,0,0,0,0,0
Seri Maya Condominium,Ulu Klang,Selangor,Freehold,530000.0,21,1283.2929782082324,7.157963634396318,3.091042453358316,0,0,0,1,0,0,0,0,0
St Regis,Kl Sentral,Kuala Lumpur,Freehold,3715000.0,21,1640.9010600706713,7.403610032454336,3.091042453358316,0,0,0,0,0,0,1,0,0
Maxim Citylights @ Sentul Kl,Sentul,Kuala Lumpur,Leasehold,365000.0,21,983.8274932614555,6.892466492089668,3.091042453358316,0,0,0,0,0,0,1,0,0
Bistari Impian Apartment,Johor Bahru,Johor,Leasehold,360000.0,21,1074.6268656716418,6.980658901464373,3.091042453358316,1,0,0,0,0,0,0,0,0
Axis Residence @ Axis Pandan,Ampang,Selangor,Leasehold,330000.0,21,937.5,6.844282856026563,3.091042453358316,0,0,0,0,0,0,1,0,0
Taman Seri Janggus,Bukit Mertajam,Penang,Freehold,120000.0,21,645.1612903225806,6.471049148040832,3.091042453358316,0,0,0,0,1,0,0,0,0
One Foresta,Bayan Lepas,Penang,Freehold,450000.0,21,914.6341463414634,6.819616881333931,3.091042453358316,0,0,0,1,0,0,0,0,0
TAMAN PAKATAN JAYA,Tambun,Perak,Leasehold,302500.0,20,1234.6938775510205,7.119387935457603,3.044522437723423,0,0,0,0,0,0,0,1,0
SS23 TAMAN SEA,Petaling Jaya,Selangor,Freehold,1372500.0,20,1722.0828105395233,7.451870297206731,3.044522437723423,0,0,0,0,0,0,0,1,0
"KEMUNING UTAMA, SEKSYEN 33",Shah Alam,Selangor,Freehold,909000.0,20,1954.8387096774193,7.578574387929687,3.044522437723423,0,0,0,0,0,1,0,1,0
TAMAN AKASIA (ACACIA HEIGHTS),Kluang,Johor,Freehold,610500.0,20,2935.096153846154,7.984836139145738,3.044522437723423,0,0,1,0,0,1,0,0,0
TAMAN PUNCAK HARMONI,Kuala Kangsar,Perak,Freehold,318000.0,20,1622.4489795918366,7.392308164866049,3.044522437723423,0,0,0,0,0,0,0,1,0
QUEENSBURY @ MAHKOTA HILLS,Lenggeng,Negeri Sembilan,Freehold,529500.0,20,1419.5710455764074,7.258814214528887,3.044522437723423,0,0,0,0,0,0,0,1,0
BB SETIA AWAN PERDANA RESIDEN 7,Sitiawan,Perak,Freehold,248000.0,20,1922.4806201550387,7.56189164683878,3.044522437723423,0,0,1,0,0,0,0,0,0
TAMAN DAIMAN JAYA,Kota Tinggi,Johor,Freehold,776900.0,20,2427.8125,7.795157733762507,3.044522437723423,0,0,1,0,0,0,0,0,0
POLO PARK,Johor Bahru,Johor,Freehold,320000.0,20,1176.4705882352941,7.07112384743449,3.044522437723423,0,0,0,0,0,0,0,0,1
PERKAMPUNGAN CENDERAWASIH,Kuantan,Pahang,Leasehold,205000.0,20,944.7004608294931,6.85192588131065,3.044522437723423,0,0,0,0,0,0,0,1,0
BANDAR BARU TANGKAK,Tangkak,Johor,Freehold,288800.0,20,2699.0654205607475,7.901031281536197,3.044522437723423,0,0,1,0,0,0,0,1,0
TAMAN ZAMRUD,Parit Buntar,Perak,Freehold and Leasehold,366075.0,20,1916.6230366492146,7.558841696319404,3.044522437723423,0,0,0,0,0,0,0,1,0
TAMAN HIJRAH,Kapar,Selangor,Freehold,450000.0,20,1267.605633802817,7.145673650150694,3.044522437723423,0,0,0,0,0,0,0,1,0
TAMAN SEMARANG INTAN,Dengkil,Selangor,Freehold and Leasehold,669600.0,20,2085.9813084112147,7.643473950837389,3.044522437723423,0,0,0,0,0,0,0,1,0
TAMAN LIMBONGAN PERMAI,Klebang,Melaka,Freehold,289000.0,20,1545.4545454545455,7.343720199811212,3.044522437723423,0,0,0,0,0,0,0,1,0
BANDAR SRI PUTRA,Bangi,Selangor,Freehold,615000.0,20,1835.8208955223881,7.515791582107137,3.044522437723423,0,0,0,0,0,1,0,1,0
TROPICANA DANGA COVE,Masai,Johor,Freehold,767500.0,20,1531.936127744511,7.33494021312743,3.044522437723423,0,0,0,0,0,0,0,1,0
PANORAMA LAPANGAN SAUJANA (GREEN PARK),Ipoh,Perak,Leasehold,638800.0,20,2706.7796610169494,7.903884264775304,3.044522437723423,0,0,1,0,0,0,0,0,0
TAMAN GEMBIRA,Tampoi,Johor,Freehold,432500.0,20,1528.268551236749,7.332544828986973,3.044522437723423,0,0,0,0,0,0,0,1,0
TAMAN SERI BAYU,Sungai Petani,Kedah,Freehold,200000.0,20,1219.5121951219512,7.107025881689652,3.044522437723423,0,0,0,0,0,0,0,1,0
TAMAN IPOH SELATAN,Ipoh,Perak,Freehold,397500.0,20,1958.128078817734,7.580254795499946,3.044522437723423,0,0,0,0,0,0,0,1,0
TAMAN TANGKAK JAYA - TR 381,Tangkak,Johor,Freehold,287500.0,20,1562.5,7.354682176897896,3.044522437723423,0,0,0,0,0,0,0,1,0
BANDAR HILLPARK,Bandar Puncak Alam,Selangor,Leasehold,560000.0,20,1642.2287390029326,7.404418328677469,3.044522437723423,0,0,0,0,0,0,0,1,0
TAMU HILL PARK,Batang Kali,Selangor,Freehold,400000.0,20,1639.344262295082,7.402661414822543,3.044522437723423,0,0,0,0,0,0,0,1,0
TAMAN MUNSYI IBRAHIM,Tampoi,Johor,Freehold,375000.0,20,923.6453201970444,6.829410226356606,3.044522437723423,0,0,0,0,0,0,0,1,0
TAMAN MERDEKA,Batu Berendam,Melaka,Leasehold,326500.0,20,1793.956043956044,7.49273581257577,3.044522437723423,0,0,0,0,0,0,0,1,1
SETIA ECO CASCADIA,Tebrau,Johor,Freehold,814300.0,20,1762.5541125541126,7.475086433953915,3.044522437723423,0,0,0,0,0,0,0,1,0
D'Putra Suites,Senai,Johor,Freehold,528900.0,20,1017.1153846153846,6.925708535103373,3.044522437723423,0,0,0,0,0,0,1,0,0
M Condominium @ Larkin,Johor Bahru,Johor,Leasehold,485000.0,20,1104.7835990888382,7.008309502078196,3.044522437723423,0,0,0,1,0,0,0,0,0
Kuchai Avenue,Kuchai Lama,Kuala Lumpur,Freehold,580000.0,20,926.517571884984,6.832511739730682,3.044522437723423,0,0,0,0,0,0,1,0,0
Paragon Residences @ Straits View,Johor Bahru,Johor,Freehold,942450.0,20,1542.4713584288052,7.341789287520485,3.044522437723423,0,0,0,0,0,0,1,0,0
Desa Satu,Kepong,Selangor,Freehold,166500.0,20,658.102766798419,6.490879465893012,3.044522437723423,0,0,0,0,1,0,0,0,0
Taman Tun Hussein Onn,Perai,Penang,Freehold,110000.0,20,564.1025641025641,6.337007244057045,3.044522437723423,0,0,0,0,1,0,0,0,0
Sri Panglima,Johor Bahru,Johor,Leasehold,240000.0,20,905.6603773584906,6.809767933860915,3.044522437723423,1,0,0,0,0,0,0,0,0
Desa Impiana,Puchong,Selangor,Freehold,400000.0,20,1176.4705882352941,7.07112384743449,3.044522437723423,0,0,0,1,0,0,0,0,0
Samudera 1,Seri Manjong,Perak,Freehold,223300.0,20,934.3096234309623,6.840877622525777,3.044522437723423,1,0,0,0,0,0,0,0,0
Laguna Condo Resort,Port Dickson,Negeri Sembilan,Freehold,95000.0,20,811.965811965812,6.700689056961044,3.044522437723423,0,0,0,1,0,0,0,0,0
Ridzuan Condominium,Bandar Sunway,Selangor,Leasehold,500000.0,20,1190.4761904761904,7.0829483135243585,3.044522437723423,0,0,0,1,0,0,0,0,0
Costa Mahkota,Melaka City,Melaka,Leasehold,204500.0,20,608.6309523809524,6.412853777986572,3.044522437723423,1,0,0,0,0,0,0,0,0
Subang Perdana Goodyear Court 7,Subang Jaya,Selangor,Freehold,376500.0,20,958.0152671755725,6.865906994647826,3.044522437723423,1,0,0,0,0,0,0,0,0
Suria Kipark Damansara,Kepong,Selangor,Freehold,445000.0,20,980.1762114537445,6.888752067750591,3.044522437723423,1,0,0,0,0,0,0,0,0
Jade View,Gelugor,Penang,Freehold,293500.0,20,688.9671361502348,6.536643967689243,3.044522437723423,1,0,0,0,0,0,0,0,0
Apartment Sri Rakyat,Bukit Jalil,Kuala Lumpur,Freehold,235000.0,20,667.6136363636364,6.505206369176813,3.044522437723423,1,0,0,0,0,0,0,0,0
Rumah Pangsa College Heights Pajam,Mantin,Negeri Sembilan,Freehold,70000.0,20,614.0350877192982,6.421679319381156,3.044522437723423,0,0,0,0,1,0,0,0,0
Rhythm Avenue,Subang Jaya,Selangor,Freehold,290000.0,20,767.1957671957672,6.644044605867682,3.044522437723423,0,0,0,0,0,0,1,0,0
TAMAN SOGA,Batu Pahat,Johor,Freehold,330000.0,19,1586.5384615384614,7.369939958214123,2.995732273553991,0,0,0,0,0,0,0,1,0
TAMAN WANGSA PERMAI,Kepong,Selangor,Leasehold,737000.0,19,1510.2459016393443,7.320689690024147,2.995732273553991,0,0,0,0,0,0,0,1,0
GARDEN HOMES @ SEREMBAN 2,Seremban 2,Negeri Sembilan,Freehold,370000.0,19,1681.8181818181818,7.428225156161314,2.995732273553991,0,0,0,0,0,0,0,1,0
TAMAN BINTULU JAYA,Bintulu,Sarawak,Freehold,80000.0,19,1818.1818181818182,7.506142128543193,2.995732273553991,0,0,0,0,0,0,0,1,0
ATABARA RESIDENCE FASA 8 (PL 76003),Kuantan,Pahang,Freehold,325000.0,19,1993.8650306748466,7.598331673238273,2.995732273553991,0,0,0,0,0,0,0,1,0
HUTAN MELINTANG RESIDENCE,Hutan Melintang,Perak,Freehold,438800.0,19,3226.470588235294,8.07945400981647,2.995732273553991,0,0,0,0,0,1,0,1,0
TAMAN KOTA PERMAI,Bukit Mertajam,Penang,Freehold,470000.0,19,1566.6666666666667,7.357343593276938,2.995732273553991,0,0,0,0,0,1,0,1,0
BANDAR BARU SUNGAI BULOH,Sungai Buloh,Selangor,Leasehold,440000.0,19,1396.8253968253969,7.242673020019049,2.995732273553991,0,0,0,0,0,0,0,1,0
TAMAN JOHOR,Tampoi,Johor,Freehold,500000.0,19,1930.5019305019305,7.566053181589104,2.995732273553991,0,1,0,0,0,0,0,1,0
BANGSAR BARU,Bangsar,Kuala Lumpur,Freehold,1710000.0,19,2100.7371007371007,7.650519472604923,2.995732273553991,0,1,0,0,0,0,0,1,0
TAMAN SERAI PERDANA,Bagan Serai,Perak,Freehold,263800.0,19,1560.9467455621302,7.353688236068189,2.995732273553991,0,0,0,0,0,1,0,1,0
TAMAN PERMAI UTAMA,Gurun,Kedah,Freehold,220000.0,19,1428.5714285714287,7.265129978035143,2.995732273553991,0,0,0,0,0,1,0,1,0
TAMAN SERI KERUBUNG,Krubong,Melaka,Freehold,240000.0,19,1218.274111675127,7.106010970220029,2.995732273553991,0,0,0,0,0,0,0,1,0
KENYALANG PARK,Kuching,Sarawak,Leasehold,420000.0,19,1909.090909090909,7.554906116290678,2.995732273553991,0,1,0,0,0,0,0,1,0
CENTRAL CITY,Kota Samarahan,Sarawak,Freehold,350000.0,19,1707.3170731707316,7.44326399714924,2.995732273553991,0,0,0,0,0,0,0,1,0
MINDEN HEIGHTS,Gelugor,Penang,Freehold,2200000.0,19,4731.182795698925,8.462141854043406,2.995732273553991,0,1,0,0,0,0,0,1,0
BUKIT RIMAU,Klang,Selangor,Freehold,960000.0,19,2341.4634146341464,7.7589583959048705,2.995732273553991,0,1,0,0,0,1,0,1,0
TAMAN BAHAU,Bahau,Negeri Sembilan,Freehold,183000.0,19,1180.6451612903227,7.074662950942375,2.995732273553991,0,0,0,0,0,0,0,1,0
TAMAN NESA,Skudai,Johor,Freehold and Leasehold,380000.0,19,1301.3698630136987,7.171940855402617,2.995732273553991,0,0,0,0,0,0,0,1,0
TAMAN KRUBONG PERDANA,Krubong,Melaka,Freehold,443800.0,19,1400.0,7.244941546337007,2.995732273553991,0,1,0,0,0,0,0,1,0
SETIA INDAH 9,Setia Alam,Selangor,Freehold,1050000.0,19,1726.9736842105262,7.454704720203203,2.995732273553991,0,0,0,0,0,0,0,1,0
TAMAN BUKIT SENDAYAN,Bandar Sri Sendayan,Negeri Sembilan,Leasehold,250000.0,19,1302.0833333333333,7.17248853005551,2.995732273553991,0,0,0,0,0,0,0,1,0
TAMAN SENAI UTAMA,Kulai,Johor,Freehold,420000.0,19,1615.3846153846155,7.387947215332134,2.995732273553991,0,0,0,0,0,0,0,1,0
TAMAN MEGAH JAYA,Tawau,Sabah,Leasehold,400000.0,19,1818.1818181818182,7.506142128543193,2.995732273553991,0,0,0,0,0,1,0,1,0
TAMAN DESA PALMA,Tebrau,Johor,Freehold,577150.0,19,1551.478494623656,7.347607961617429,2.995732273553991,0,0,0,0,0,0,0,1,0
BUKIT BANDARAYA,Bangsar,Kuala Lumpur,Freehold,2500000.0,19,3328.894806924101,8.11069599296325,2.995732273553991,0,1,0,0,0,0,0,1,0
TAMAN CHAI LENG,Perai,Penang,Freehold,490000.0,19,1849.0566037735848,7.522971514238673,2.995732273553991,0,0,0,0,0,0,0,1,0
TAMAN SELAYANG JAYA,Selayang,Selangor,Freehold,680000.0,19,1234.119782214156,7.118923234005976,2.995732273553991,0,0,0,0,0,0,0,1,0
TAMAN ANGGUN,Rawang,Selangor,Freehold,837000.0,19,2046.4547677261614,7.6243527240185704,2.995732273553991,0,0,0,0,0,0,0,1,0
TAMAN SERI AMAN,Masjid Tanah,Melaka,Freehold,200000.0,19,1408.4507042253522,7.250955335998153,2.995732273553991,0,0,0,0,0,0,0,1,0
TAMAN KLUANG INDAH,Kluang,Johor,Freehold,250000.0,19,1196.1722488038276,7.087717595626209,2.995732273553991,0,0,0,0,0,0,0,1,0
TAMAN SRI MAWAR I,Seremban,Negeri Sembilan,Freehold,250000.0,19,1373.6263736263736,7.225937244904127,2.995732273553991,0,0,0,0,0,0,0,1,0
TAMAN SAUJANA INDAH,Bukit Katil,Melaka,Freehold,315000.0,19,1623.7113402061855,7.39308544218836,2.995732273553991,0,0,0,0,0,1,0,1,1
TAMAN MUDA,Ampang,Selangor,Leasehold,500000.0,19,847.457627118644,6.743420144851757,2.995732273553991,0,0,0,0,0,0,0,1,0
SEKSYEN 3 BANDAR BARU BANGI,Bangi,Selangor,Leasehold,590000.0,19,1652.6610644257703,7.4107469358580635,2.995732273553991,0,0,0,0,0,0,0,1,0
TAMAN CHERAS JAYA,Balakong,Selangor,Leasehold,425000.0,19,1706.8273092369477,7.442977262232729,2.995732273553991,0,0,0,0,0,0,0,1,0
KOTA WARISAN,Dengkil,Selangor,Freehold,500000.0,19,1923.076923076923,7.562201611235652,2.995732273553991,0,0,0,0,0,1,0,1,0
TAMAN PUTERI,Kluang,Johor,Freehold,160000.0,19,1250.0,7.1316985104669115,2.995732273553991,0,0,0,0,0,0,0,1,0
TAMAN MALIHAH,Kuching,Sarawak,Leasehold,248000.0,19,1864.6616541353383,7.531371043495684,2.995732273553991,0,0,0,0,0,0,0,1,0
Arcoris Residences,Mont Kiara,Kuala Lumpur,Freehold,1010000.0,19,913.2007233273056,6.818050157110748,2.995732273553991,0,0,0,0,0,0,1,0,0
Putri Ria Apartment,Masai,Johor,Freehold,265000.0,19,943.0604982206406,6.8501902511901465,2.995732273553991,1,0,0,0,0,0,0,0,0
Sky View,Iskandar Puteri (Nusajaya),Johor,Freehold,410000.0,19,796.1165048543689,6.681000847347183,2.995732273553991,0,0,0,0,0,0,1,0,0
Taman Setia Jaya,Alor Setar,Kedah,Freehold,68000.0,19,548.3870967741935,6.3088032873536894,2.995732273553991,0,0,0,0,1,0,0,0,0
28 Mont Kiara @ MK28,Mont Kiara,Kuala Lumpur,Freehold,2050000.0,19,2711.6402116402114,7.905677687440052,2.995732273553991,0,0,0,1,0,0,0,0,0
Prima Setapak Flat,Setapak,Kuala Lumpur,Leasehold,350000.0,19,1162.7906976744187,7.059437799128602,2.995732273553991,0,0,0,1,1,0,0,0,0
The Spring,Jelutong,Penang,Leasehold,520000.0,19,943.7386569872958,6.8509083357931875,2.995732273553991,0,0,0,1,0,0,0,0,0
Vista Lavender,Bandar Kinrara,Selangor,Leasehold,200000.0,19,851.063829787234,6.747661441613784,2.995732273553991,1,0,0,0,0,0,0,0,0
The Capers @ Sentul East,Sentul,Kuala Lumpur,Freehold,760000.0,19,1288.135593220339,7.161727189974982,2.995732273553991,0,0,0,1,0,0,0,0,0
Seri Mutiara,Setia Alam,Selangor,Freehold,330000.0,19,948.2758620689655,6.855699443480275,2.995732273553991,1,0,0,0,0,0,0,0,0
Taman Penampang Apartment,Penampang,Sabah,Leasehold,340000.0,19,1011.9047619047619,6.920577483940227,2.995732273553991,1,0,0,0,0,0,0,0,0
Vista Seri Melalin,Tuaran,Sabah,Leasehold,290000.0,19,1010.4529616724739,6.9191431519896245,2.995732273553991,1,0,0,0,0,0,0,0,0
Selesa I Resort Apartment (Pangsapuri Damai Mewah B),Kajang,Selangor,Freehold,290000.0,19,960.2649006622516,6.868250022038852,2.995732273553991,1,0,0,0,0,0,0,0,0
Taman Ketiau,Penampang,Sabah,Leasehold,190000.0,19,669.0140845070423,6.507298733816362,2.995732273553991,0,0,0,0,1,0,0,0,0
Miami Green,Batu Ferringhi,Penang,Freehold,530000.0,19,1185.682326621924,7.078916731682401,2.995732273553991,0,0,0,1,0,0,0,0,0
Pelangi Heights,Klang,Selangor,Freehold,375000.0,19,1153.8461538461538,7.051722413950769,2.995732273553991,1,0,0,0,0,0,0,0,0
Sandilands,Georgetown,Penang,Freehold,838000.0,19,1345.1043338683787,7.204970021218728,2.995732273553991,0,0,0,1,0,0,0,0,0
Taman Melor,Tampoi,Johor,Leasehold,115000.0,19,495.6896551724138,6.207965394782292,2.995732273553991,0,0,0,0,1,0,0,0,0
Apartment Dahlia,Serendah,Selangor,Freehold,65000.0,19,755.8139534883721,6.629117455052335,2.995732273553991,0,0,0,0,1,0,0,0,0
TAMAN PD UTAMA,Port Dickson,Negeri Sembilan,Freehold,195000.0,18,1433.8235294117646,7.268797144611875,2.9444389791664403,0,0,0,0,0,0,0,1,0
SS18,Subang Jaya,Selangor,Freehold,810000.0,18,1749.4600431965443,7.467633914196783,2.9444389791664403,0,0,0,0,0,1,0,1,0
SS1 PETALING JAYA,Petaling Jaya,Selangor,Freehold,1365000.0,18,4403.225806451613,8.390319769564396,2.9444389791664403,0,1,0,0,0,0,0,1,0
KAJANG 2,Semenyih,Selangor,Freehold,869000.0,18,1441.1276948590382,7.273874867918006,2.9444389791664403,0,0,0,0,0,0,0,1,0
TAMAN JASA RIA (JESSELTON HILLS),Bukit Mertajam,Penang,Freehold,1043800.0,18,3106.5476190476193,8.041589147176586,2.9444389791664403,0,0,0,0,0,1,0,0,0
TAMAN SEJATI LAKESIDE,Cyberjaya,Selangor,Freehold,1311150.0,18,2233.6456558773425,7.711837951246748,2.9444389791664403,0,0,0,0,0,0,0,1,0
TAMAN SERI DAGANG 3,Tanjong Duabelas,Selangor,Leasehold,386500.0,18,2044.973544973545,7.62362901630752,2.9444389791664403,0,0,0,0,0,1,0,1,0
PERUMAHAN MAKMUR KUALA LANAR JAYA,Kuala Lipis,Pahang,Leasehold,150000.0,18,3125.0,8.047509510981422,2.9444389791664403,0,0,0,0,0,1,0,0,0
PEARL IMPIANA,Simpang Ampat,Penang,Freehold,637000.0,18,1263.888888888889,7.142739562433469,2.9444389791664403,0,0,0,0,0,1,0,1,0
TAMAN JASA INTAN FASA II,Bukit Mertajam,Penang,Freehold,788800.0,18,1817.5115207373271,7.505773599703828,2.9444389791664403,0,0,0,0,0,0,0,1,0
"P/L 1280, KAMPUNG KOLAM",Rompin,Pahang,Freehold,210000.0,18,1627.906976744186,7.395664502455981,2.9444389791664403,0,0,0,0,0,0,0,1,0
BK 2 - PERUMAHAN KINRARA,Bandar Kinrara,Selangor,Freehold,674000.0,18,1455.7235421166306,7.283945043590618,2.9444389791664403,0,0,0,0,0,0,0,1,0
TAMAN SUNGAI RAMBAI DAMAI,Sungai Rambai,Melaka,Leasehold,304200.0,18,1975.3246753246754,7.588994174185342,2.9444389791664403,0,0,0,0,0,0,0,1,0
TROPICANA GOLF & COUNTRY RESORT,Tropicana,Selangor,Leasehold,2550000.0,18,4396.551724137931,8.388803238711484,2.9444389791664403,0,1,0,0,0,0,0,1,1
TAMAN MACHANG BUBOK,Bukit Mertajam,Penang,Freehold,480000.0,18,1240.3100775193798,7.123922615009353,2.9444389791664403,0,0,0,0,0,0,0,1,0
TAMAN SUBANG MEWAH,Subang Jaya,Selangor,Leasehold,665000.0,18,1797.2972972972973,7.494595550249095,2.9444389791664403,0,0,0,0,0,0,0,1,0
BUKIT ANGGERIK,Cheras,Kuala Lumpur,Leasehold,493000.0,18,1600.6493506493507,7.378789221428737,2.9444389791664403,0,0,0,0,0,0,0,1,0
TAMAN SIMPANG BERSATU,Taiping,Perak,Freehold,528800.0,18,1668.1388012618297,7.420063084530914,2.9444389791664403,0,0,0,0,0,0,0,1,0
TAMAN IPOH JAYA,Ipoh,Perak,Leasehold,234000.0,18,936.0,6.842683282238422,2.9444389791664403,0,0,0,0,0,0,0,1,0
TAMAN BANDAR BARU LAHAT,Lahat,Perak,Leasehold,255100.0,18,1067.3640167364017,6.973883801088331,2.9444389791664403,0,0,0,0,0,0,0,1,0
BANDAR BARU SELAYANG,Selayang,Selangor,Leasehold,650000.0,18,1641.4141414141413,7.403922475880845,2.9444389791664403,0,0,0,0,0,0,0,1,0
BANDAR MANJALARA,Bandar Menjalara,Kuala Lumpur,Leasehold,850000.0,18,1419.0317195325542,7.258434488044806,2.9444389791664403,0,0,0,0,0,0,0,1,0
TAMAN SUNGAI BESI INDAH,Seri Kembangan,Selangor,Freehold and Leasehold,480000.0,18,1363.6363636363637,7.218643271861805,2.9444389791664403,0,1,0,0,0,0,0,1,0
TAMAN INTAN PERDANA,Telok Kemang,Negeri Sembilan,Freehold and Leasehold,220000.0,18,1428.5714285714287,7.265129978035143,2.9444389791664403,0,0,0,0,0,0,0,1,0
MEDAN KLEBANG RESTU,Chemor,Perak,Freehold,235000.0,18,1366.2790697674418,7.220577963487378,2.9444389791664403,0,0,0,0,0,0,0,1,0
TAMAN PERTAMA INDAH ~ JALAN BAKRI,Bakri,Johor,Freehold,820000.0,18,2198.3914209115283,7.695935974219744,2.9444389791664403,0,0,0,0,0,0,0,1,0
PRIMA SP BAIDURI (SP 1),Sungai Petani,Kedah,Freehold,270000.0,18,1508.3798882681565,7.319454175439855,2.9444389791664403,0,0,0,0,0,0,0,1,0
DESA PINGGIRAN PUTRA,Dengkil,Selangor,Leasehold,402500.0,18,1982.7586206896551,7.592748617484437,2.9444389791664403,0,1,0,0,0,0,0,1,0
PUTRAJAYA PRESINT 14,Putrajaya,Putrajaya,Freehold,1260000.0,18,2214.4112478031634,7.703193330168059,2.9444389791664403,0,1,0,0,0,0,0,1,0
TAMAN BEMBAN RAYA,Batu Gajah,Perak,Leasehold,238000.0,18,1545.4545454545455,7.343720199811212,2.9444389791664403,0,0,0,0,0,0,0,1,0
TAMAN DESA,Taman Desa,Kuala Lumpur,Freehold,1425000.0,18,2120.535714285714,7.6598954989507,2.9444389791664403,0,0,0,0,0,0,0,1,0
TAMAN KEMPAS,Tampoi,Johor,Freehold,390000.0,18,1254.0192926045015,7.1349062240409555,2.9444389791664403,0,0,0,0,0,0,0,1,0
PUTRAJAYA PRESINT 11,Putrajaya,Putrajaya,Freehold,880000.0,18,1892.47311827957,7.546168050399019,2.9444389791664403,0,0,0,0,0,1,0,1,0
TAMAN GEMBIRA,Klang,Selangor,Freehold,532500.0,18,1648.6068111455108,7.408292242222109,2.9444389791664403,0,0,0,0,0,0,0,1,0
TAMAN SALAK IDAMAN,Sepang,Selangor,Freehold,396500.0,18,1447.0802919708028,7.2779940216644325,2.9444389791664403,0,0,0,0,0,0,0,1,0
Taman Desa Ilmu,Kota Samarahan,Sarawak,Leasehold,170000.0,18,656.3706563706563,6.4882480243511225,2.9444389791664403,1,0,0,0,1,0,0,0,0
Impian Senibong Apartment,Permas Jaya,Johor,Leasehold,375000.0,18,1021.7983651226158,6.930297644982645,2.9444389791664403,1,0,0,0,0,0,0,0,0
Taman Bukit Jambul,Bukit Jambul,Penang,Freehold,263000.0,18,845.6591639871383,6.741298209872696,2.9444389791664403,0,0,0,0,1,0,0,0,0
Tropez Residences,Johor Bahru,Johor,Freehold,395000.0,18,777.5590551181102,6.65744484596684,2.9444389791664403,0,0,0,0,0,0,1,0,0
Casa Subang,Subang Jaya,Selangor,Freehold,550000.0,18,1065.891472868217,6.972504533727776,2.9444389791664403,0,0,0,0,0,0,1,0,0
The Pines Residence,Gelang Patah,Johor,Leasehold,330000.0,18,1015.3846153846154,6.92400711495268,2.9444389791664403,1,0,0,0,0,0,0,0,0
Flat Taman Alam Megah,Shah Alam,Selangor,Freehold,169000.0,18,603.5714285714286,6.404519824482822,2.9444389791664403,0,0,0,0,1,0,0,0,0
Forest Green,Bandar Sungai Long,Selangor,Freehold,600000.0,18,1001.669449081803,6.9104211714128665,2.9444389791664403,0,0,0,1,0,0,0,0,0
Jentayu,Skudai,Johor,Freehold,130000.0,18,666.6666666666666,6.503789046997708,2.9444389791664403,0,0,0,0,1,0,0,0,0
Balau,Masai,Johor,Freehold,146000.0,18,640.3508771929825,6.463576697473906,2.9444389791664403,0,0,0,0,1,0,0,0,0
Park Avenue,Tampoi,Johor,Leasehold,183750.0,18,688.2022471910112,6.535534765227407,2.9444389791664403,1,0,0,0,0,0,0,0,0
Amadesa Resort Condominium,Desa Petaling,Kuala Lumpur,Leasehold,350000.0,18,1083.59133126935,6.988958541814951,2.9444389791664403,0,0,0,1,0,0,0,0,0
Angsana,Subang Jaya,Selangor,Leasehold,211000.0,18,657.3208722741433,6.489692460296798,2.9444389791664403,0,0,0,0,1,0,0,0,0
PD Marina World Resort,Port Dickson,Negeri Sembilan,Freehold,90500.0,18,655.7971014492754,6.487375144987913,2.9444389791664403,0,0,0,1,0,0,0,0,0
10 Mont Kiara @ MK10,Mont Kiara,Kuala Lumpur,Freehold,3350000.0,18,3734.671125975474,8.225682767094852,2.9444389791664403,0,0,0,1,0,0,0,0,0
Pangsapuri Baiduri,Beranang,Selangor,Freehold,119000.0,18,700.0,6.55250788703459,2.9444389791664403,0,0,0,0,1,0,0,0,0
Sky Oasis Residence (Pangsapuri Oasis 1),Johor Bahru,Johor,Freehold,400000.0,18,871.4596949891068,6.771316458154675,2.9444389791664403,0,0,0,0,0,0,1,0,0
Sky Loft Premium Suites,Iskandar Puteri (Nusajaya),Johor,Freehold,550000.0,18,1244.343891402715,7.12716698875179,2.9444389791664403,0,0,0,0,0,0,1,0,0
Bukit Cheras,Cheras,Kuala Lumpur,Freehold,160000.0,18,608.3650190114068,6.41241746255977,2.9444389791664403,0,0,0,0,1,0,0,0,0
Verve Suites KL South,Jalan Klang Lama (Old Klang Road),Kuala Lumpur,Freehold,778800.0,18,709.9361896080219,6.566582678388955,2.9444389791664403,0,0,0,0,0,0,1,0,0
Seri Puteri Hills,Puchong,Selangor,Freehold,1109000.0,18,1616.6180758017492,7.388710022660839,2.9444389791664403,0,0,0,1,0,0,0,0,0
TAMAN KULIM TECHNOCITY FASA 1,Kulim,Kedah,Freehold,320000.0,17,1441.4414414414414,7.274092402370338,2.8903717578961645,0,0,0,0,0,0,0,1,0
SUNWAY ALAM SURIA,Shah Alam,Selangor,Leasehold,700000.0,17,1772.1518987341772,7.48051397568939,2.8903717578961645,0,0,0,0,0,0,0,1,0
SS21 DAMANSARA UTAMA,Petaling Jaya,Selangor,Freehold,1140000.0,17,1654.5718432510885,7.411901752754292,2.8903717578961645,0,0,0,0,0,0,0,1,0
PJS 9,Bandar Sunway,Selangor,Leasehold,940000.0,17,1712.2040072859745,7.446120584803373,2.8903717578961645,0,0,0,0,0,0,0,1,0
NUSARI AMAN 2,Bandar Sri Sendayan,Negeri Sembilan,Freehold,500000.0,17,2202.643171806167,7.6978672568961075,2.8903717578961645,0,0,0,0,0,1,0,1,0
ECO HORIZON (FASA1),Batu Kawan,Penang,Freehold,1000000.0,17,1798.5611510791366,7.495298109202961,2.8903717578961645,0,0,0,0,0,0,0,1,0
HIJAUAN SELAYANG,Selayang,Selangor,Leasehold,1498800.0,17,1399.4397759103642,7.2445415919264775,2.8903717578961645,0,0,0,0,0,0,0,1,0
TAMAN TOPAZ @ SELANGORKU,Dengkil,Selangor,Freehold,250000.0,17,1302.0833333333333,7.17248853005551,2.8903717578961645,0,0,0,0,0,0,0,1,0
TAMAN KUALA LIPIS,Kuala Lipis,Pahang,Freehold,275000.0,17,1536.3128491620112,7.337791268149422,2.8903717578961645,0,0,0,0,0,0,0,1,0
SENTRAL BEHRANG,Ulu Bernam,Perak,Leasehold,398888.0,17,1399.6070175438597,7.244661005592886,2.8903717578961645,0,0,1,0,0,0,0,1,0
TROPICANA HEIGHTS,Kajang,Selangor,Freehold,833300.0,17,1831.4285714285713,7.513397454244537,2.8903717578961645,0,0,0,0,0,0,0,1,1
TAMAN JASMIN [SENAWANG],Senawang,Negeri Sembilan,Leasehold,150000.0,17,980.3921568627451,6.888972131839423,2.8903717578961645,0,0,0,0,0,0,0,1,1
TAMAN CERMAI,Muar,Johor,Freehold,895000.0,17,1420.6349206349207,7.259562840857061,2.8903717578961645,0,0,0,0,0,0,0,1,0
TAMAN MANTAU INDAH,Seremban 2,Negeri Sembilan,Freehold,300000.0,17,1500.0,7.313886831633462,2.8903717578961645,0,0,0,0,0,0,0,1,0
TAMAN WARISAN HIJAUAN,Dengkil,Selangor,Freehold and Leasehold,493000.0,17,1888.888888888889,7.544273317377872,2.8903717578961645,0,0,0,0,0,0,0,1,0
SHAHZAN,Kuantan,Pahang,Freehold,310000.0,17,1476.1904761904761,7.297897235753777,2.8903717578961645,0,0,0,0,0,0,0,1,0
BANDAR BARU BUKIT MENTOK,Kemaman,Terengganu,Leasehold,213000.0,17,1884.9557522123894,7.542190001737056,2.8903717578961645,0,0,0,0,0,0,0,1,0
TAMAN DESA BIDARA,Kuala Ketil,Kedah,Freehold,215000.0,17,1493.0555555555557,7.309249550781546,2.8903717578961645,0,0,0,0,0,0,0,1,0
SEKSYEN 8 BANDAR BARU BANGI,Bangi,Selangor,Leasehold,590000.0,17,1536.4583333333333,7.337885899042451,2.8903717578961645,0,0,0,0,0,0,0,1,0
DANGA SUTERA,Skudai,Johor,Freehold,892000.0,17,1679.84934086629,7.427054504684342,2.8903717578961645,0,0,0,0,0,1,0,1,0
TAMAN DESA LANG INDAH,Ipoh,Perak,Freehold and Leasehold,528800.0,17,1678.7301587301588,7.426388439693086,2.8903717578961645,0,0,0,0,0,0,0,1,0
USJ 5,Subang Jaya,Selangor,Freehold,1600000.0,17,2811.95079086116,7.941989314864096,2.8903717578961645,0,1,0,0,0,1,0,1,0
TAMAN PERMATA PENAWAR,Pengerang,Johor,Leasehold,386200.0,17,1419.8529411764705,7.259012633069944,2.8903717578961645,0,0,0,0,0,0,0,1,0
TAMAN SRI UNAS 2,Muar,Johor,Freehold,394000.0,17,2541.935483870968,7.841074395014162,2.8903717578961645,0,1,0,0,0,1,0,0,0
TAMAN HALAMAN INDAH,Sungai Jawi,Penang,Freehold,340000.0,17,1370.967741935484,7.224001296300595,2.8903717578961645,0,0,0,0,0,0,0,1,0
TAMAN BUKIT MEWAH,Tampoi,Johor,Freehold,540000.0,17,1301.2048192771085,7.171814121669135,2.8903717578961645,0,0,0,0,0,0,0,1,0
TAMAN SCIENTEX KULAI 2,Kulai,Johor,Freehold,440000.0,17,1565.8362989323844,7.3568137690829145,2.8903717578961645,0,0,1,0,0,0,0,1,0
TAMAN DESA CEMPAKA,Nilai,Negeri Sembilan,Freehold,350000.0,17,1750.0,7.467942332285852,2.8903717578961645,0,0,0,0,0,0,0,1,0
TAMAN SRI BAYU,Sepang,Selangor,Freehold,267000.0,17,2170.731707317073,7.68328015008951,2.8903717578961645,0,0,0,0,0,1,0,1,0
P/L 3214 JALAN KEBUN,Klang,Selangor,Freehold,599800.0,17,2418.548387096774,7.7913361848334715,2.8903717578961645,0,0,0,0,0,1,0,0,0
TAMAN SUTERA,Kulai,Johor,Freehold,360000.0,17,1343.2835820895523,7.203616497404561,2.8903717578961645,0,0,0,0,0,0,0,1,0
ARA DAMANSARA,Ara Damansara,Selangor,Freehold,1300000.0,17,1783.264746227709,7.486761702481567,2.8903717578961645,0,1,0,0,0,0,0,1,0
TAMAN SERAI WANGI,Padang Serai,Kedah,Freehold,270000.0,17,1291.866028708134,7.164616760648955,2.8903717578961645,0,0,0,0,0,0,0,1,0
TAMAN LEMBAH MERBOK,Merbok,Kedah,Freehold,210000.0,17,1400.0,7.244941546337007,2.8903717578961645,0,0,0,0,0,0,0,1,0
TAMAN SRI WANG,Sungai Petani,Kedah,Freehold,200000.0,17,1129.9435028248588,7.030807521574743,2.8903717578961645,0,0,0,0,0,0,0,1,0
OFF JALAN MERU,Klang,Selangor,Freehold,500000.0,17,1824.8175182481752,7.509783120919091,2.8903717578961645,0,0,0,0,0,0,0,1,0
USJ 9,Subang Jaya,Selangor,Freehold,850000.0,17,1756.198347107438,7.471475971461208,2.8903717578961645,0,0,0,0,0,0,0,1,0
TAMAN PUCHONG INDAH,Puchong,Selangor,Leasehold,400000.0,17,1197.6047904191616,7.088913484694858,2.8903717578961645,0,0,0,0,0,0,0,1,0
TAMAN BERTAM SETIA,Tanjong Minyak,Melaka,Freehold,344000.0,17,1694.5812807881773,7.435780899542676,2.8903717578961645,0,0,0,0,0,1,0,1,0
TAMAN KASTURI,Sitiawan,Perak,Freehold,623800.0,17,1747.3389355742297,7.466421436489411,2.8903717578961645,0,0,0,0,0,0,0,1,0
TAMAN MEWAH JAYA,Klang,Selangor,Freehold,450000.0,17,1406.25,7.249392724344136,2.8903717578961645,0,0,0,0,0,0,0,1,0
TAMAN VISTA KIRANA,Bukit Katil,Melaka,Leasehold,707000.0,17,5198.529411764706,8.556323402736794,2.8903717578961645,0,1,0,0,0,1,0,0,0
TAMAN AIR KEROH FASA 1-3,Bukit Katil,Melaka,Leasehold,220000.0,17,1383.6477987421383,7.233201089345406,2.8903717578961645,0,0,0,0,0,0,0,1,0
TABUAN HEIGHTS,Kuching,Sarawak,Freehold,700000.0,17,2317.880794701987,7.748839932183553,2.8903717578961645,0,0,0,0,0,0,0,1,0
TAMAN MANTIN PUTRA,Mantin,Negeri Sembilan,Freehold,550000.0,17,3437.5,8.14279060875989,2.8903717578961645,0,0,0,0,0,1,0,1,0
TWIN PALM,Cheras,Selangor,Freehold,2700000.0,17,5335.96837944664,8.582413051535925,2.8903717578961645,0,1,0,0,0,0,0,0,0
TAMAN HILIR,Melaka City,Melaka,Freehold,430000.0,17,1541.2186379928316,7.340977332653827,2.8903717578961645,0,0,0,0,0,0,0,1,0
REJANG PARK,Sibu,Sarawak,Leasehold,380000.0,17,1928.9340101522844,7.565241089683443,2.8903717578961645,0,0,0,0,0,0,0,1,0
TAMAN KAJANG UTAMA,Kajang,Selangor,Freehold,410000.0,17,1399.3174061433447,7.244454208580373,2.8903717578961645,0,0,0,0,0,0,0,1,1
TAMAN LEMBAH PERMAI,Sungai Lalang,Kedah,Freehold,230000.0,17,1564.6258503401361,7.356040927404506,2.8903717578961645,0,0,0,0,0,0,0,1,0
TAMAN AUSTIN PERDANA,Tebrau,Johor,Freehold,670000.0,17,1543.778801843318,7.342636008754047,2.8903717578961645,0,0,0,0,0,1,0,1,0
Perai Jaya,Perai,Penang,Leasehold,43000.0,17,589.0410958904109,6.380192188525578,2.8903717578961645,0,0,0,0,1,0,0,0,0
Casa Tropicana,Tropicana,Selangor,Leasehold,540000.0,17,1163.7931034482758,7.060298756621559,2.8903717578961645,0,0,0,1,0,0,0,0,0
The Pearl (Pearl Point),Jalan Klang Lama (Old Klang Road),Kuala Lumpur,Freehold,400000.0,17,1086.9565217391305,6.992056464980572,2.8903717578961645,0,0,0,1,0,0,0,0,0
Epic Residence,Johor Bahru,Johor,Freehold and Leasehold,410000.0,17,1250.0,7.1316985104669115,2.8903717578961645,1,0,0,0,0,0,0,0,0
Gat Lebuh Macallum,Georgetown,Penang,Leasehold,175000.0,17,511.69590643274853,6.2396828944253215,2.8903717578961645,0,0,0,0,1,0,0,0,0
Sri Putramas III / Royal Regent,Jalan Kuching,Kuala Lumpur,Freehold,710000.0,17,1560.4395604395604,7.353363469883454,2.8903717578961645,0,0,0,1,0,0,0,0,0
Pangsapuri Permai,Sungai Besi,Kuala Lumpur,Leasehold,210000.0,17,646.1538461538462,6.472584050089277,2.8903717578961645,1,0,0,0,0,0,0,0,0
Residensi Warnasari 3,Bandar Puncak Alam,Selangor,Leasehold,185000.0,17,719.8443579766537,6.58042324432384,2.8903717578961645,1,0,0,0,0,0,0,0,0
The WaterEdge (Pinggiran Air),Permas Jaya,Johor,Freehold,640000.0,17,1153.1531531531532,7.051122153299578,2.8903717578961645,0,0,0,1,0,0,0,0,0
Maisson,Ara Damansara,Selangor,Freehold,535000.0,17,864.297253634895,6.763073093719866,2.8903717578961645,0,0,0,0,0,0,1,0,0
Quayside Condominium,Tanjong Tokong,Penang,Freehold,1510000.0,17,1561.53050672182,7.354061905721925,2.8903717578961645,0,0,0,1,0,0,0,0,0
Danau Idaman,Taman Desa,Kuala Lumpur,Leasehold,395000.0,17,936.0189573459716,6.842703513993174,2.8903717578961645,0,0,0,1,0,0,0,0,0
Pangsapuri Wira,Cheras,Selangor,Freehold,256000.0,17,817.891373801917,6.70795144233608,2.8903717578961645,1,0,0,0,0,0,0,0,0
Mewah View Luxurious Apartments,Tampoi,Johor,Freehold,400000.0,17,1369.86301369863,7.223195757501439,2.8903717578961645,1,0,0,0,0,0,0,0,0
Sunny Ville Condominium,Gelugor,Penang,Freehold,390000.0,17,928.5714285714286,6.8347236504396705,2.8903717578961645,0,0,0,1,0,0,0,0,0
Taman Desa Relau 2,Relau,Penang,Freehold,290000.0,17,753.2467532467532,6.625719573418375,2.8903717578961645,1,0,0,0,0,0,0,0,0
Seri Mengkuang,Gelang Patah,Johor,Leasehold,180000.0,17,796.4601769911504,6.681431898604881,2.8903717578961645,1,0,0,0,0,0,0,0,0
Endah Villa,Sri Petaling,Kuala Lumpur,Leasehold,360000.0,17,1128.526645768025,7.029553926393877,2.8903717578961645,0,0,0,1,0,0,0,0,0
Pangsapuri Nusa Indah,Bukit Mertajam,Penang,Freehold,130000.0,17,751.4450867052024,6.623328019482128,2.8903717578961645,1,0,0,0,0,0,0,0,0
Impiana,Iskandar Puteri (Nusajaya),Johor,Freehold,460000.0,17,1108.433734939759,7.011605015433338,2.8903717578961645,1,0,0,0,0,0,0,0,0
D'Cassia,Semenyih,Selangor,Freehold,260000.0,17,849.6732026143791,6.7460280390911675,2.8903717578961645,1,0,0,0,0,0,0,0,0
Angkasa Apartment,Kota Kinabalu,Sabah,Leasehold,300000.0,17,849.8583569405099,6.746245671642056,2.8903717578961645,1,0,0,0,0,0,0,0,0
Desa Palma,Nilai,Negeri Sembilan,Freehold,180000.0,17,789.4736842105264,6.6726323660391405,2.8903717578961645,1,0,0,0,0,0,0,0,0
Taman Soga,Batu Pahat,Johor,Freehold,85000.0,17,615.9420289855072,6.424775063227862,2.8903717578961645,0,0,0,0,1,0,0,0,0
Menara U,Shah Alam,Selangor,Leasehold,335000.0,17,571.6723549488055,6.3503137467990625,2.8903717578961645,0,0,0,0,0,0,1,0,0
Desa Green,Taman Desa,Kuala Lumpur,Freehold,480000.0,17,769.2307692307693,6.646690170246266,2.8903717578961645,0,0,0,0,0,0,1,0,0
Menara Menjalara,Bandar Menjalara,Kuala Lumpur,Freehold,430000.0,17,1075.0,6.98100574072173,2.8903717578961645,0,0,0,1,0,0,0,0,0
Kenari,Skudai,Johor,Freehold,130000.0,17,656.5656565656566,6.488544616960986,2.8903717578961645,0,0,0,0,1,0,0,0,0
Flat Bukit Indah,Iskandar Puteri (Nusajaya),Johor,Freehold,200000.0,17,751.8796992481203,6.623905453081906,2.8903717578961645,0,0,0,0,1,0,0,0,0
Idaman Senibong,Permas Jaya,Johor,Leasehold,290000.0,17,843.0232558139535,6.73818004849828,2.8903717578961645,1,0,0,0,0,0,0,0,0
Taman Anika,Melaka City,Melaka,Leasehold,78000.0,17,565.2173913043479,6.338978088038553,2.8903717578961645,0,0,0,0,1,0,0,0,0
Verve Suites,Mont Kiara,Kuala Lumpur,Freehold,719000.0,17,812.4293785310734,6.701259111005133,2.8903717578961645,0,0,0,0,0,0,1,0,0
Permas Ville Apartment,Permas Jaya,Johor,Freehold,400000.0,17,1159.4202898550725,7.056537537319369,2.8903717578961645,1,0,0,0,0,0,0,0,0
Perdana Exclusive,Damansara Perdana,Selangor,Leasehold,340000.0,17,894.7368421052631,6.7976466668282365,2.8903717578961645,0,0,0,1,0,0,0,0,0
Leader Garden,Tanjung Bungah,Penang,Freehold,440000.0,17,1111.111111111111,7.0140153898827995,2.8903717578961645,0,0,0,1,0,0,0,0,0
Saujana Apartment,Damansara Damai,Selangor,Leasehold,220000.0,17,800.0,6.68586094706836,2.8903717578961645,1,0,0,0,0,0,0,0,0
The Sky Executive Suites,Iskandar Puteri (Nusajaya),Johor,Freehold,460000.0,17,1062.3556581986143,6.969184902061496,2.8903717578961645,0,0,0,0,0,0,1,0,0
Apartment Seri Tulip,Serendah,Selangor,Freehold,160000.0,17,808.0808080808081,6.695898798449423,2.8903717578961645,1,0,0,0,0,0,0,0,0
TAMAN PERMAIPURA,Bedong,Kedah,Freehold,362000.0,16,1471.5447154471544,7.294747282091603,2.833213344056216,0,0,0,0,0,0,0,1,0
TAMAN BUKIT INDAH,Ulu Klang,Selangor,Leasehold,717500.0,16,1309.3065693430658,7.178016411215514,2.833213344056216,0,1,0,0,0,0,0,1,0
TAMAN TUNKU MAHERAN,Jitra,Kedah,Freehold,255000.0,16,1517.857142857143,7.325713451337768,2.833213344056216,0,0,0,0,0,0,0,1,0
SS14,Subang Jaya,Selangor,Freehold,869000.0,16,2228.2051282051284,7.709400356161571,2.833213344056216,0,0,0,0,0,1,0,1,0
M RESIDENCE,Rawang,Selangor,Freehold,623400.0,16,1731.6666666666667,7.457416926533326,2.833213344056216,0,0,0,0,0,0,0,1,0
TAMAN PENGKALAN MINYAK DAMAI,Ayer Molek,Melaka,Freehold,337834.0,16,2618.8682170542634,7.870879296655863,2.833213344056216,0,0,1,0,0,0,0,1,0
HIJAYU 1,Bandar Sri Sendayan,Negeri Sembilan,Freehold,500000.0,16,1766.7844522968198,7.477482319643506,2.833213344056216,0,0,0,0,0,0,0,1,0
"PRIMA PAHANG KAMPUNG BATU 6, LEPAR",Kuantan,Pahang,Leasehold,152660.0,16,2993.3333333333335,8.004476892561097,2.833213344056216,0,1,0,0,0,1,0,0,0
"ALAM SURIA, PUNCAK ALAM",Bandar Puncak Alam,Selangor,Leasehold,522500.0,16,1814.236111111111,7.5039708270045935,2.833213344056216,0,0,1,0,0,0,0,1,0
SEREMBAN FOREST HEIGHTS,Ampangan,Negeri Sembilan,Freehold,637500.0,16,1547.3300970873786,7.344932272429558,2.833213344056216,0,0,0,0,0,0,0,1,0
TAMAN COLONIAL,Raub,Pahang,Freehold,470000.0,16,1649.122807017544,7.408604992620444,2.833213344056216,0,0,0,0,0,0,0,1,0
TAMAN PUCHONG LAGENDA,Puchong,Selangor,Leasehold,1365000.0,16,1441.3938753959874,7.274059425759729,2.833213344056216,0,0,0,0,0,0,0,1,0
YARRA PARK (EASTFIELD),Sungai Petani,Kedah,Freehold,405900.0,16,1960.8695652173913,7.5816531573941734,2.833213344056216,0,0,0,0,0,0,0,1,0
P/L : 10139,Kuantan,Pahang,Freehold,350000.0,16,1912.568306010929,7.556725001124864,2.833213344056216,0,0,0,0,0,0,0,1,0
TAMAN DESA SKUDAI,Skudai,Johor,Freehold,455000.0,16,2049.5495495495497,7.62586310915832,2.833213344056216,0,0,0,0,0,0,0,1,0
TAMAN RIANG (SPU),Butterworth,Penang,Freehold,1044400.0,16,1636.9905956112852,7.401225523011481,2.833213344056216,0,0,0,0,0,0,0,1,0
TAMAN SENTOSA PERDANA,Klang,Selangor,Freehold,539000.0,16,1317.848410757946,7.184514218711553,2.833213344056216,0,0,0,0,0,0,0,1,0
TAMAN DESA DAMAI,Bentong,Pahang,Freehold,240000.0,16,1250.0,7.1316985104669115,2.833213344056216,0,0,0,0,0,0,0,1,0
BANDAR LAHAT MINES,Lahat,Perak,Leasehold,499440.0,16,2152.7586206896553,7.674969790475872,2.833213344056216,0,0,1,0,0,0,0,0,0
TAMAN CEMPAKA (TELUI KIRI),Teloi Kiri,Kedah,Freehold,180000.0,16,1525.4237288135594,7.330682846179558,2.833213344056216,0,0,0,0,0,0,0,1,0
TAMAN SRI GEDONG,Sungai Petani,Kedah,Freehold,232500.0,16,1462.2641509433963,7.288424939023864,2.833213344056216,0,0,0,0,0,0,0,1,0
TAMAN PUCHONG PRIMA,Puchong,Selangor,Freehold,562500.0,16,1247.2283813747229,7.129480530083713,2.833213344056216,0,0,0,0,0,0,0,1,0
CAHAYA ALAM,Shah Alam,Selangor,Leasehold,1209750.0,16,2269.6998123827393,7.727843350357931,2.833213344056216,0,0,0,0,0,0,0,1,0
SAUJANA PERDANA,Ijok,Selangor,Leasehold,500000.0,16,1219.5121951219512,7.107025881689652,2.833213344056216,0,0,0,0,0,0,0,1,0
TAMAN BAGAN,Butterworth,Penang,Freehold,655000.0,16,1683.8046272493573,7.429404887843981,2.833213344056216,0,0,0,0,0,0,0,1,0
TAMAN SRI BUNUT,Tanjong Duabelas,Selangor,Freehold,669000.0,16,2039.6341463414635,7.621015894582268,2.833213344056216,0,0,0,0,0,0,0,1,0
"SEKSYEN 32, SHAH ALAM",Shah Alam,Selangor,Freehold,487500.0,16,1542.7215189873418,7.341951350967129,2.833213344056216,0,0,0,0,0,1,0,1,0
LAKE FIELD - MEADOWS & GLADES,Sungai Besi,Kuala Lumpur,Leasehold,1325000.0,16,1764.3142476697735,7.476083997524982,2.833213344056216,0,0,0,0,0,0,0,1,0
"TAMAN TROPIKA, JEMENTAH",Jementah,Johor,Freehold,385000.0,16,1597.5103734439833,7.376827457965223,2.833213344056216,0,0,0,0,0,0,0,1,0
TAMAN SRI PALOH,Paloh,Johor,Freehold,308000.0,16,1540.0,7.340186835320115,2.833213344056216,0,0,0,0,0,1,0,1,0
TAMAN APAS PERMAI,Tawau,Sabah,Leasehold,195000.0,16,1666.6666666666667,7.419180722820095,2.833213344056216,0,0,0,0,0,0,0,1,0
TAMAN JAWI JAYA,Sungai Jawi,Penang,Freehold,459000.0,16,2353.846153846154,7.7642306768627245,2.833213344056216,0,0,0,0,0,1,0,0,0
BANDAR BARU BARAT,Kampar,Perak,Leasehold,300000.0,16,1111.111111111111,7.0140153898827995,2.833213344056216,0,0,0,0,0,0,0,1,0
BANDAR BARU SEGARI,Lumut,Perak,Leasehold,328000.0,16,2102.5641025641025,7.65138837680637,2.833213344056216,0,0,1,0,0,0,0,0,0
LUYANG PERDANA,Kota Kinabalu,Sabah,Leasehold,1040000.0,16,1936.685288640596,7.569249389501732,2.833213344056216,0,0,0,0,0,1,0,1,1
TAMAN INDAH PERMAI,Kota Kinabalu,Sabah,Leasehold,520000.0,16,1552.2388059701493,7.348097582074215,2.833213344056216,0,0,0,0,0,0,0,1,0
TAMAN BATU PAHAT,Batu Pahat,Johor,Freehold,300000.0,16,1796.4071856287426,7.494100453006836,2.833213344056216,0,0,0,0,0,1,0,1,0
TAMAN SELASEH,Batu Caves,Selangor,Leasehold,550000.0,16,1617.6470588235295,7.389345930420958,2.833213344056216,0,0,0,0,0,0,0,1,0
TAMAN JAYA UTAMA,Telok Panglima Garang,Selangor,Freehold,385000.0,16,1274.8344370860927,7.151355703986354,2.833213344056216,0,0,0,0,0,0,0,1,0
TAMAN KULIM UTAMA,Kulim,Kedah,Freehold,490000.0,16,2112.0689655172414,7.655896655756991,2.833213344056216,0,0,0,0,0,1,0,1,0
TAMAN NUSA PERINTIS II,Iskandar Puteri (Nusajaya),Johor,Freehold,498500.0,16,1218.8264058679706,7.106463837330926,2.833213344056216,0,0,0,0,0,0,0,1,0
COUNTRY HEIGHTS,Kajang,Selangor,Freehold and Leasehold,499500.0,16,1443.64161849711,7.275616554904863,2.833213344056216,0,1,0,0,0,0,0,0,1
TAMAN CAHAYA SURIA,Alor Setar,Kedah,Freehold,311111.0,16,1510.2475728155339,7.320690795850315,2.833213344056216,0,0,0,0,0,1,0,1,0
TAMAN MUZAFFAR SHAH,Bukit Katil,Melaka,Leasehold,280000.0,16,1627.906976744186,7.395664502455981,2.833213344056216,0,0,0,0,0,1,0,1,0
TAMAN MUTIARA MAS,Skudai,Johor,Leasehold,959000.0,16,2283.3333333333335,7.733829502917714,2.833213344056216,0,0,1,0,0,0,0,0,0
TAMAN AUSTIN HEIGHTS,Tebrau,Johor,Freehold,1200000.0,16,2714.9321266968327,7.906890498195795,2.833213344056216,0,0,1,0,0,0,0,0,0
TAMAN GADONG BAHAGIA,Balai Panjang,Melaka,Freehold,312000.0,16,1536.9458128078818,7.338202917200369,2.833213344056216,0,0,0,0,0,0,0,1,0
TAMAN FLORA,Kuala Kedah,Kedah,Freehold,421925.0,16,2232.4074074074074,7.711283683656773,2.833213344056216,0,0,0,0,0,1,0,1,0
TAMAN SRI PUTRA,Banting,Selangor,Freehold and Leasehold,342500.0,16,1556.8181818181818,7.35104151988916,2.833213344056216,0,0,0,0,0,0,0,1,0
TAMAN SETIAWANGSA,Setiawangsa,Kuala Lumpur,Freehold,1140000.0,16,1922.4283305227657,7.561864461567204,2.833213344056216,0,0,0,0,0,0,0,1,0
TROPICANA INDAH RESORT HOMES,Kota Damansara,Selangor,Leasehold,2400000.0,16,3809.5238095238096,8.2455219414855,2.833213344056216,0,1,0,0,0,0,0,1,0
TAMAN GUAR PERAHU (TAMAN BERKAT),Kubang Semang,Penang,Freehold,292500.0,16,1213.6929460580914,7.102246604541995,2.833213344056216,0,0,0,0,0,0,0,1,0
TAMAN PELANGI SEMENYIH 2,Beranang,Selangor,Freehold,505000.0,16,1494.0828402366865,7.309936895819181,2.833213344056216,0,0,0,0,0,0,0,1,0
HIJAYU 3,Bandar Sri Sendayan,Negeri Sembilan,Freehold,505000.0,16,1823.1046931407943,7.50884456654236,2.833213344056216,0,0,0,0,0,0,0,1,0
Flat Daisy,Masai,Johor,Leasehold,138000.0,16,715.0259067357513,6.573716348897903,2.833213344056216,0,0,0,0,1,0,0,0,0
Symphony Heights (Simfoni Heights),Batu Caves,Selangor,Leasehold,380000.0,16,1000.0,6.90875477931522,2.833213344056216,0,0,0,1,0,0,0,0,0
Sinar Bukit Dumbar,Jelutong,Penang,Freehold,305000.0,16,699.5412844036697,6.5518532996630805,2.833213344056216,1,0,0,0,0,0,0,0,0
Tanjong Puteri Apartment,Pasir Gudang,Johor,Freehold,170000.0,16,960.45197740113,6.868444618280871,2.833213344056216,1,0,0,0,0,0,0,0,0
Nilai 3,Nilai,Negeri Sembilan,Freehold,100000.0,16,740.7407407407408,6.608999776101094,2.833213344056216,1,0,0,0,0,0,0,0,0
Sentrovue,Shah Alam,Selangor,Leasehold,300000.0,16,842.6966292134831,6.737792985920603,2.833213344056216,0,0,0,0,0,0,1,0,0
Sri Angkasa Apartment,Klang,Selangor,Freehold,143000.0,16,647.0588235294117,6.473981469283848,2.833213344056216,0,0,0,0,1,0,0,0,0
Gambier Heights,Gelugor,Penang,Freehold,345000.0,16,709.8765432098766,6.5664987764842895,2.833213344056216,1,0,0,0,0,0,0,0,0
Platinum Lake PV 16,Setapak,Kuala Lumpur,Leasehold,520000.0,16,1428.5714285714287,7.265129978035143,2.833213344056216,0,0,0,1,0,0,0,0,0
Sejati Ujana,Sandakan,Sabah,Leasehold,200000.0,16,684.931506849315,6.530777778498136,2.833213344056216,1,0,0,0,0,0,0,0,0
Prima Bayu Apartment,Klang,Selangor,Freehold,370000.0,16,1152.6479750778817,7.05068435293874,2.833213344056216,1,0,0,0,0,0,0,0,0
Tasik Heights Apartment,Bandar Tasik Selatan,Kuala Lumpur,Leasehold,290000.0,16,873.4939759036145,6.7736454058169935,2.833213344056216,1,0,0,0,0,0,0,0,0
Pangsapuri Subang Suria,Sungai Buloh,Selangor,Leasehold,270000.0,16,789.4736842105264,6.6726323660391405,2.833213344056216,1,0,0,0,0,0,0,0,0
SD Tiara Apartment,Bandar Sri Damansara,Selangor,Freehold,322500.0,16,839.84375,6.734405851986386,2.833213344056216,1,0,0,0,0,0,0,0,0
Desa Pinang 2,Jelutong,Penang,Leasehold,257500.0,16,608.7470449172577,6.413044190700124,2.833213344056216,0,0,0,0,1,0,0,0,0
Cybersquare,Cyberjaya,Selangor,Freehold,250000.0,16,525.2100840336135,6.265700532302486,2.833213344056216,0,0,0,0,0,0,1,0,0
Idaman Seroja,Sungai Ara,Penang,Freehold,249000.0,16,650.1305483028721,6.4787101571315615,2.833213344056216,1,0,0,0,0,0,0,0,0
VIM 3 @ Desa Park North,Kepong,Kuala Lumpur,Leasehold,412500.0,16,532.9457364341085,6.28029421663223,2.833213344056216,0,0,0,0,0,0,1,0,0
Desa Bayan Apartment,Bayan Lepas,Penang,Freehold,345000.0,16,709.8765432098766,6.5664987764842895,2.833213344056216,1,0,0,0,0,0,0,0,0
Rumah Pangsa Akasia,Ulu Tiram,Johor,Freehold,135000.0,16,581.8965517241379,6.368009729309419,2.833213344056216,0,0,0,0,1,0,0,0,0
Pearl Avenue,Kajang,Selangor,Freehold,330000.0,16,1096.345514950166,7.000649374176134,2.833213344056216,0,0,0,1,0,0,0,0,0
Taman Tun Teja,Rawang,Selangor,Leasehold,215000.0,16,814.3939393939394,6.703671357679016,2.833213344056216,0,0,0,0,1,0,0,0,0
Desa Intan,Ayer Itam,Penang,Freehold,195000.0,16,635.1791530944625,6.45548021092916,2.833213344056216,0,0,0,0,1,0,0,0,0
Vista Angkasa,Pantai,Kuala Lumpur,Leasehold,330000.0,16,812.807881773399,6.701724320668635,2.833213344056216,1,0,0,0,0,0,0,0,0
Desa Green,Jelutong,Penang,Freehold,307500.0,16,700.4555808656037,6.553157577317611,2.833213344056216,1,0,0,0,0,0,0,0,0
Regency Heights Condo,Sungai Ara,Penang,Freehold,502500.0,16,1268.939393939394,7.146724457006376,2.833213344056216,0,0,0,1,0,0,0,0,0
Golden Hills Resort (Amber Court Apartment),Genting Highlands,Pahang,Freehold,211500.0,16,911.6379310344828,6.816339231331597,2.833213344056216,1,0,0,0,0,0,0,0,0
Taman Suria,Penampang,Sabah,Leasehold,250000.0,16,766.8711656441718,6.643621966008068,2.833213344056216,0,0,0,0,1,0,0,0,0
Skyridge Garden,Tanjong Tokong,Penang,Freehold,835000.0,16,1319.1153238546603,7.185474378320742,2.833213344056216,0,0,0,1,0,0,0,0,0
Seri Kasturi Apartments,Setia Alam,Selangor,Freehold,390000.0,16,958.2309582309582,6.866131878245602,2.833213344056216,1,0,0,0,0,0,0,0,0
Bandar Baru Uda,Johor Bahru,Johor,Leasehold,161500.0,16,558.8235294117648,6.327621608016128,2.833213344056216,0,0,0,0,1,0,0,0,0
Austin Suites (Permata Austin),Tebrau,Johor,Freehold,330000.0,16,714.2857142857143,6.572682063274631,2.833213344056216,1,0,0,0,0,0,0,0,0
Putra Majestik,Jalan Ipoh,Kuala Lumpur,Freehold,500000.0,16,1012.1457489878543,6.920815372465645,2.833213344056216,0,0,0,0,0,0,1,0,0
Seri Baiduri,Setia Alam,Selangor,Freehold,357500.0,16,926.1658031088083,6.832132409452386,2.833213344056216,1,0,0,0,0,0,0,0,0
Ocean View Resort,Port Dickson,Negeri Sembilan,Freehold,84000.0,16,756.7567567567568,6.630362432766197,2.833213344056216,0,0,0,1,0,0,1,0,0
The Tamarind,Tanjong Tokong,Penang,Freehold,855000.0,16,1114.7327249022164,7.017266620442815,2.833213344056216,0,0,0,0,0,0,1,0,0
Delima Intan Apartment,Bukit Minyak,Penang,Freehold,280000.0,16,786.5168539325842,6.668884772289927,2.833213344056216,1,0,0,0,0,0,0,0,0
Taman Jati,Kulim,Kedah,Freehold,120000.0,16,582.5242718446602,6.369086047853186,2.833213344056216,0,0,0,0,1,0,0,0,0
Taman Kajang Perdana,Kajang,Selangor,Leasehold,42000.0,16,656.25,6.488064463609991,2.833213344056216,0,0,0,0,1,0,0,0,0
Endah Ria,Sri Petaling,Kuala Lumpur,Leasehold,307500.0,16,960.9375,6.868949479740173,2.833213344056216,0,0,0,1,0,0,0,0,0
Putatan Platinum Apartment,Penampang,Sabah,Freehold,294000.0,16,849.7109826589596,6.746072450041868,2.833213344056216,1,0,0,0,0,0,0,0,0
Aragreens,Ara Damansara,Selangor,Freehold,1672200.0,16,1913.2723112128147,7.557092835253932,2.833213344056216,0,0,0,0,0,0,1,0,0
Vista Mutiara,Kepong,Kuala Lumpur,Leasehold,379000.0,16,1041.2087912087911,6.949097577681133,2.833213344056216,1,0,0,0,0,0,0,0,0
TAMAN PINGGIRAN PUTRA SEKSYEN 2,Seri Kembangan,Selangor,Leasehold,590000.0,15,2027.4914089347078,7.615047647456221,2.772588722239781,0,1,0,0,0,0,0,1,0
TAMAN AMANAH,Tanjong Duabelas,Selangor,Freehold,425000.0,15,1528.7769784172663,7.332877238021275,2.772588722239781,0,0,0,0,0,0,0,1,0
TAMAN DESA INDAH,Nilai,Negeri Sembilan,Freehold,393000.0,15,1644.3514644351465,7.4057092965698175,2.772588722239781,0,0,0,0,0,0,0,1,0
TAMAN TUNKU SARINA,Jitra,Kedah,Freehold,325000.0,15,1785.7142857142858,7.4881336174935935,2.772588722239781,0,0,0,0,0,0,0,1,0
SS17,Subang Jaya,Selangor,Freehold,880000.0,15,1868.3651804670912,7.53335417652767,2.772588722239781,0,0,0,0,0,0,0,1,0
NUSARI AMAN 1,Bandar Sri Sendayan,Negeri Sembilan,Freehold,345000.0,15,1396.761133603239,7.242627045250269,2.772588722239781,0,0,0,0,0,0,0,1,0
HILL PARK HOME,Kajang,Selangor,Freehold,600000.0,15,1474.2014742014742,7.296549852124955,2.772588722239781,0,0,0,0,0,1,0,1,0
TAMAN BUKIT SKUDAI @ D CARLTON HEIGHTS,Skudai,Johor,Freehold and Leasehold,1050000.0,15,2530.120481927711,7.836417361912244,2.772588722239781,0,0,1,0,0,0,0,0,0
"P/L 2366, 2367, 3694, 3752 & 4169",Kuantan,Pahang,Freehold,468880.0,15,1537.311475409836,7.3384406493335534,2.772588722239781,0,0,0,0,0,0,0,1,0
"TAMAN SRI MEWAH, MERU",Kapar,Selangor,Freehold,610000.0,15,1383.219954648526,7.23289205031926,2.772588722239781,0,0,0,0,0,0,0,1,0
KOTA SERIBONG,Padang Enggang,Kelantan,Leasehold,470000.0,15,1301.939058171745,7.172377805633336,2.772588722239781,0,0,0,0,0,0,0,1,0
TAMAN TASEK GELUGOR UTAMA (SCIENTEX),Tasek Gelugor,Penang,Freehold,310000.0,15,1054.421768707483,6.961695746784515,2.772588722239781,0,0,0,0,0,0,0,1,0
REGENT PARK,Miri,Sarawak,Leasehold,338888.0,15,1454.4549356223176,7.283073801265152,2.772588722239781,0,0,0,0,0,0,0,1,0
TAMAN SERI WAWASAN 3,Teras,Pahang,Freehold,538000.0,15,1799.3311036789298,7.495725873456469,2.772588722239781,0,0,0,0,0,0,0,1,0
TAMAN PLATINUM (RESIDENSI GATE),Dengkil,Selangor,Freehold,737800.0,15,1603.9130434782608,7.38082485557819,2.772588722239781,0,0,0,0,0,0,0,1,0
SALAK SOUTH GARDEN (TAMAN SALAK SELATAN),Salak Selatan,Kuala Lumpur,Freehold,550000.0,15,1575.9312320916906,7.363235979221931,2.772588722239781,0,0,0,0,0,0,0,1,0
TAMAN KARISMA IMPIAN,Sitiawan,Perak,Freehold,298800.0,15,1548.1865284974094,7.34548525182265,2.772588722239781,0,0,0,0,0,0,0,1,0
PINGGIRAN PUTRA 4 (PL 3178),Kuantan,Pahang,Freehold,335000.0,15,2133.7579617834394,7.666108552390054,2.772588722239781,0,0,0,0,0,0,0,1,0
TAMAN INTAN DUYUNG,Port Dickson,Negeri Sembilan,Leasehold,220000.0,15,1466.6666666666667,7.291429117087644,2.772588722239781,0,0,0,0,0,0,0,1,0
TAMAN EHSAN JAYA,Johor Bahru,Johor,Leasehold,778000.0,15,1709.89010989011,7.444769046166347,2.772588722239781,0,0,0,0,0,0,0,1,0
TAMAN SENAWANG PERDANA,Rantau,Negeri Sembilan,Freehold,715000.0,15,4156.976744186047,8.332783875373469,2.772588722239781,0,1,0,0,0,0,0,0,0
TAMAN SRI PERDANA,Lahad Datu,Sabah,Leasehold,550000.0,15,2879.581151832461,7.96574734160408,2.772588722239781,0,0,0,0,0,1,0,1,0
TAMAN BUKIT FLORA,Batu Pahat,Johor,Freehold,245000.0,15,1038.135593220339,6.946144486165068,2.772588722239781,0,0,0,0,0,0,0,1,0
TAMAN KOTA LAKSAMANA SEKSYEN 1,Melaka City,Melaka,Leasehold,470000.0,15,1684.5878136200718,7.429869632765264,2.772588722239781,0,0,0,0,0,0,0,1,1
SETIA PULAU MUTIARA,Bayan Lepas,Penang,Freehold,1331000.0,15,1940.2332361516035,7.571078738830814,2.772588722239781,0,0,0,0,0,0,0,1,0
TAMAN DESA DAMAI,Bukit Mertajam,Penang,Freehold,499800.0,15,1778.6476868327402,7.48417069495,2.772588722239781,0,0,0,0,0,1,0,1,0
TAMAN MAYANG LESTARI,Jasin,Melaka,Leasehold,285000.0,15,1737.8048780487804,7.460953304521778,2.772588722239781,0,0,1,0,0,0,0,1,0
TAMAN SRI JAYA 1 & 2,Kluang,Johor,Freehold,250000.0,15,1479.2899408284025,7.29999325353623,2.772588722239781,0,0,0,0,0,0,0,1,0
BANDAR BARU KANGKAR PULAI,Skudai,Johor,Leasehold,498000.0,15,2083.682008368201,7.642371608629378,2.772588722239781,0,0,1,0,0,0,0,1,0
TAMAN BERSATU,Simpang Pulai,Perak,Leasehold,199000.0,15,975.4901960784314,6.8839647104080965,2.772588722239781,0,0,0,0,0,0,0,1,0
TAMAN BUNGA RAYA,Setapak,Kuala Lumpur,Freehold,520000.0,15,1432.5068870523417,7.2678790896734755,2.772588722239781,0,0,0,0,0,0,0,1,0
PULAU SERAI / G BINJAI / DARAT PELANDANG,Dungun,Terengganu,Freehold,340000.0,15,3063.063063063063,8.02749711258832,2.772588722239781,0,1,0,0,0,1,0,0,0
TAMAN DELIMA,Sungai Petani,Kedah,Freehold,260000.0,15,2260.8695652173915,7.72394699153751,2.772588722239781,0,0,0,0,0,1,0,1,0
TAMAN MALURI,Cheras,Kuala Lumpur,Leasehold,780000.0,15,2574.2574257425745,7.853704779263218,2.772588722239781,0,0,0,0,0,0,0,1,0
TAMAN INTAN MAS I & III,Teluk Intan,Perak,Freehold and Leasehold,476888.0,15,1870.1490196078432,7.534307970140296,2.772588722239781,0,0,0,0,0,0,0,1,0
TAMAN TASIK SEMENYIH,Semenyih,Selangor,Leasehold,465000.0,15,3100.0,8.03947991910045,2.772588722239781,0,0,0,0,0,0,0,1,0
SEKSYEN 5 - KOTA DAMANSARA,Kota Damansara,Selangor,Leasehold,930000.0,15,1761.3636363636363,7.4744111622541825,2.772588722239781,0,0,0,0,0,0,0,1,0
NUSA DUTA,Skudai,Johor,Freehold,1350000.0,15,3400.5037783375315,8.13197290057019,2.772588722239781,0,0,1,0,0,1,0,0,0
TAMAN TERENDAK PERMAI,Sungai Udang,Melaka,Freehold,270000.0,15,1542.857142857143,7.342039202247852,2.772588722239781,0,0,0,0,0,0,0,1,0
TAMAN KANTAN PERMAI,Kajang,Selangor,Leasehold,370000.0,15,1024.9307479224376,6.933355526301059,2.772588722239781,0,0,0,0,0,0,0,1,0
TAMAN SAGA INDAH,Mentakab,Pahang,Leasehold,219000.0,15,1394.904458598726,7.241297841581042,2.772588722239781,0,0,0,0,0,0,0,1,0
BANDAR DATARAN SEGAR,Lukut,Negeri Sembilan,Freehold,459000.0,15,1466.4536741214058,7.291283983313962,2.772588722239781,0,0,0,0,0,0,0,1,0
TAMAN NUSA JAYA MAS,Iskandar Puteri (Nusajaya),Johor,Freehold,520000.0,15,1600.0,7.3783837129967145,2.772588722239781,0,0,0,0,0,0,0,1,0
TAMAN AMAN,Kulai,Johor,Freehold,280000.0,15,1106.7193675889328,7.010058556877512,2.772588722239781,0,0,0,0,0,0,0,1,0
M RESIDENCE 2,Rawang,Selangor,Leasehold,585000.0,15,1690.7514450867052,7.433519629308337,2.772588722239781,0,0,0,0,0,0,0,1,0
TAMAN SURIA (SUN LAND RESIDENCE),Ipoh,Perak,Leasehold,548000.0,15,1665.6534954407296,7.418572999981339,2.772588722239781,0,0,0,0,0,0,0,1,0
TAMAN KLEDANG MAS,Ipoh,Perak,Leasehold,320000.0,15,1391.304347826087,7.238715457675635,2.772588722239781,0,0,0,0,0,0,0,1,0
TAMAN BUKIT RAHMAN PUTRA,Rawang,Selangor,Freehold,680000.0,15,1683.1683168316831,7.429027140420181,2.772588722239781,0,0,0,0,0,0,0,1,0
TAMAN MERBAU INDAH,Triang,Pahang,Freehold,200000.0,15,1298.7012987012988,7.169889746818635,2.772588722239781,0,0,0,0,0,0,0,1,0
AUSTRA HEIGHT,Bintulu,Sarawak,Leasehold,380000.0,15,1117.6470588235295,7.01987525089606,2.772588722239781,0,0,0,0,0,0,0,1,0
TAMAN SENIMAS,Kuala Pilah,Negeri Sembilan,Freehold,199000.0,15,1566.9291338582677,7.357511004645565,2.772588722239781,0,1,0,0,0,0,0,1,0
TAMAN PEKATRA INDAH,Simpang Ampat,Penang,Leasehold,280000.0,15,1393.0348258706467,7.239957573698971,2.772588722239781,0,0,0,0,0,0,0,1,0
TAMAN MEGAH,Batu Pahat,Johor,Freehold,330000.0,15,1692.3076923076924,7.4344391094517945,2.772588722239781,0,0,0,0,0,0,0,1,0
ISLAND PARK,Jelutong,Penang,Freehold,1800000.0,15,3050.8474576271187,8.023502410037006,2.772588722239781,0,0,0,0,0,1,0,1,0
TAMAN PERTAM JAYA,Melaka City,Melaka,Leasehold,580000.0,15,1442.7860696517414,7.275024157266592,2.772588722239781,0,0,0,0,0,0,0,1,0
TAMAN BAYU PERDANA,Klang,Selangor,Freehold,560000.0,15,1521.7391304347825,7.3282660515757225,2.772588722239781,0,0,0,0,0,0,0,1,0
TAMAN BAYU MUTIARA,Bukit Mertajam,Penang,Freehold,650000.0,15,1525.8215962441313,7.330943465547127,2.772588722239781,0,0,0,0,0,1,0,1,0
TAMAN FAJAR,Sandakan,Sabah,Leasehold,320000.0,15,1441.4414414414414,7.274092402370338,2.772588722239781,0,0,0,0,0,0,0,1,0
SETIA INDAH 12,Setia Alam,Selangor,Freehold,802000.0,15,1429.5900178253119,7.26584223803587,2.772588722239781,0,0,0,0,0,0,0,1,0
INDERA SEMPURNA,Kuantan,Pahang,Leasehold,220000.0,15,1392.4050632911392,7.239505716356561,2.772588722239781,0,0,0,0,0,1,0,1,0
Sri Tanjung,Puchong,Selangor,Freehold,430000.0,15,1011.7647058823529,6.920439202720257,2.772588722239781,1,0,0,0,0,0,0,0,0
Westside Three,Desa Parkcity,Kuala Lumpur,Freehold,1550000.0,15,1539.2254220456803,7.339684062647208,2.772588722239781,0,0,0,1,0,0,0,0,0
Metropolitan Square,Damansara Perdana,Selangor,Leasehold,460000.0,15,1033.7078651685392,6.941874409981975,2.772588722239781,0,0,0,0,0,0,1,0,0
Kenanga Apartment,Serendah,Selangor,Freehold,50000.0,15,649.3506493506494,6.4775116779726165,2.772588722239781,0,0,0,0,1,0,0,0,0
Seri Austin Residence (Pangsapuri Seri Austin),Tebrau,Johor,Freehold,388000.0,15,889.9082568807339,6.792241455705576,2.772588722239781,1,0,0,0,0,0,0,0,0
Pangsapuri Palma,Klang,Selangor,Freehold,170000.0,15,656.3706563706563,6.4882480243511225,2.772588722239781,1,0,0,0,0,0,0,0,0
Gravit8,Port Klang,Selangor,Freehold,380000.0,15,772.3577235772358,6.650741714603393,2.772588722239781,0,0,0,0,0,0,1,0,0
Taman Suria Jaya,Kuching,Sarawak,Leasehold,105000.0,15,644.1717791411043,6.469516605587539,2.772588722239781,0,0,0,0,1,0,0,0,0
Austin Regency (Pangsapuri Austin Perdana),Tebrau,Johor,Freehold,380000.0,15,808.5106382978723,6.696429914844645,2.772588722239781,1,0,0,0,0,0,0,0,0
Cocobay Resort,Port Dickson,Negeri Sembilan,Freehold,90000.0,15,725.8064516129032,6.58866021322024,2.772588722239781,0,0,0,1,0,0,0,0,0
Sutramas,Puchong,Selangor,Freehold,320000.0,15,851.063829787234,6.747661441613784,2.772588722239781,1,0,0,0,0,0,0,0,0
One Imperial,Sungai Ara,Penang,Freehold,575000.0,15,1163.9676113360324,7.060448564185036,2.772588722239781,0,0,0,1,0,0,0,0,0
Regalia Residence,Kl City,Kuala Lumpur,Freehold,616505.0,15,907.960235640648,6.812301348050827,2.772588722239781,0,0,0,0,0,0,1,0,0
Flat Taman Pelangi Indah,Ulu Tiram,Johor,Freehold,150000.0,15,657.8947368421053,6.490563790093222,2.772588722239781,0,0,0,0,1,0,0,0,0
Damiana,Ulu Bernam,Perak,Freehold,163000.0,15,708.695652173913,6.564836219224885,2.772588722239781,1,0,0,0,0,0,0,0,0
Taman Seruling Emas,Sungai Jawi,Penang,Freehold,55000.0,15,550.0,6.311734809152915,2.772588722239781,0,0,0,0,1,0,0,0,0
Damansara Foresta,Bandar Sri Damansara,Selangor,Freehold,690000.0,15,1526.5486725663716,7.331419554738668,2.772588722239781,0,0,0,1,0,0,0,0,0
Impian Meridian,Subang Jaya,Selangor,Freehold,595000.0,15,1079.8548094373866,6.985507497274864,2.772588722239781,0,0,0,0,0,0,1,0,0
Taman LTAT,Bukit Jalil,Kuala Lumpur,Leasehold,220000.0,15,723.6842105263158,6.585735988277932,2.772588722239781,1,0,0,0,0,0,0,0,0
Taman Perkasa,Hulu Langat,Selangor,Freehold,225000.0,15,752.5083612040133,6.62474011449339,2.772588722239781,0,0,0,0,1,0,0,0,0
M'tiara,Johor Bahru,Johor,Leasehold,420000.0,15,1000.0,6.90875477931522,2.772588722239781,1,0,0,0,0,0,0,0,0
Mont Residence,Tanjong Tokong,Penang,Freehold,760000.0,15,955.9748427672956,6.863777103507947,2.772588722239781,0,0,0,1,0,0,0,0,0
PD Tiara Bay,Pasir Panjang,Negeri Sembilan,Freehold,53000.0,15,407.6923076923077,6.012962568989407,2.772588722239781,1,0,0,0,0,0,0,0,0
Corus Paradise Resort,Port Dickson,Negeri Sembilan,Leasehold,160000.0,15,730.5936073059361,6.595225178515079,2.772588722239781,0,0,0,1,0,0,0,0,0
Gurney Park Condominium,Gurney,Penang,Freehold,657000.0,15,883.0645161290323,6.784530042021,2.772588722239781,0,0,0,1,0,0,0,0,0
Delta Heights,Penampang,Sabah,Leasehold,350000.0,15,933.3333333333334,6.839833262496678,2.772588722239781,1,0,0,0,0,0,0,0,0
Vista Ilmu,Kota Samarahan,Sarawak,Leasehold,180000.0,15,750.0,6.621405651764134,2.772588722239781,1,0,0,0,0,0,0,0,0
Sri Lavender Apartment,Kajang,Selangor,Freehold,300000.0,15,1045.2961672473868,6.95301174723147,2.772588722239781,1,0,0,0,0,0,0,0,0
N-Park Condominium,Gelugor,Penang,Freehold,330000.0,15,700.6369426751593,6.553416094567932,2.772588722239781,0,0,0,1,0,0,0,0,0
Seri Maju & Sepangar Ria,Kota Kinabalu,Sabah,Leasehold,172000.0,15,649.0566037735849,6.477059441826794,2.772588722239781,1,0,0,0,0,0,0,0,0
Taman Sri Sentosa,Jalan Klang Lama (Old Klang Road),Kuala Lumpur,Leasehold,180000.0,15,700.3891050583658,6.553062804449375,2.772588722239781,0,0,0,0,1,0,0,0,0
Taman Pandan Perdana,Ampang,Selangor,Leasehold,150000.0,15,646.551724137931,6.473198673221733,2.772588722239781,0,0,0,0,1,0,0,0,0
Kinrara Mas,Bukit Jalil,Kuala Lumpur,Freehold,380000.0,15,1191.2225705329154,7.083574550440974,2.772588722239781,0,0,0,1,0,0,0,0,0
Idaman Sutera,Setapak,Kuala Lumpur,Freehold,350000.0,15,849.5145631067961,6.745841534683789,2.772588722239781,0,0,0,1,0,0,0,0,0
Pinang Emas,Batu Ferringhi,Penang,Freehold,170000.0,15,559.2105263157895,6.32831265293114,2.772588722239781,1,0,0,0,0,0,0,0,0
The Scott Garden SOHO,Jalan Klang Lama (Old Klang Road),Kuala Lumpur,Freehold,650000.0,15,763.807285546416,6.639623887772384,2.772588722239781,0,0,0,0,0,0,1,0,0
Ivory Residence,Kajang,Selangor,Freehold,390000.0,15,1291.390728476821,7.164249060044095,2.772588722239781,0,0,0,1,0,0,0,0,0
Desa Idaman Residences,Puchong,Selangor,Freehold,450000.0,15,1041.6666666666667,6.949536812997092,2.772588722239781,1,0,0,0,0,0,0,0,0
Taman Tan Sri Yaacob,Skudai,Johor,Freehold,140000.0,15,645.1612903225806,6.471049148040832,2.772588722239781,0,0,0,0,1,0,0,0,0
Kiara Residence 2 (Residensi Kiara Jalil 2),Bukit Jalil,Kuala Lumpur,Leasehold,585000.0,15,1221.294363256785,7.108484997185236,2.772588722239781,0,0,0,1,0,0,0,0,0
Changkat View,Dutamas,Kuala Lumpur,Freehold,453000.0,15,1094.2028985507247,6.998694920565628,2.772588722239781,0,0,0,1,0,0,0,0,0
Taman Bagan,Butterworth,Penang,Freehold,115000.0,15,518.018018018018,6.251938599360997,2.772588722239781,0,0,0,0,1,0,0,0,0
Kelana Puteri,Kelana Jaya,Selangor,Leasehold,380000.0,15,1088.8252148997135,6.9937726090622085,2.772588722239781,0,0,0,1,0,0,0,0,0
Dahlia,Serendah,Selangor,Leasehold,150000.0,15,700.9345794392524,6.55384020800122,2.772588722239781,1,0,0,0,0,0,0,0,0
The Golden Triangle Condominium,Sungai Ara,Penang,Freehold,538000.0,15,1217.1945701357465,7.1051251811077245,2.772588722239781,0,0,0,1,0,0,0,0,0
The Loft @ Zetapark,Setapak,Kuala Lumpur,Leasehold,500000.0,15,1075.268817204301,6.981255539634905,2.772588722239781,0,0,0,0,0,0,1,0,0
Vista Pinggiran Apartment,Seri Kembangan,Selangor,Leasehold,310000.0,15,873.2394366197183,6.773354293079202,2.772588722239781,1,0,0,0,0,0,0,0,0
U Garden Resort Condominium,Gelugor,Penang,Freehold,260000.0,15,568.9277899343545,6.3455096684777645,2.772588722239781,0,0,0,1,0,0,0,0,0
Setia SKY Residences,Klcc,Kuala Lumpur,Freehold,1000000.0,15,1137.6564277588168,7.037604274184832,2.772588722239781,0,0,0,0,0,0,1,0,0
Midfields,Sungai Besi,Kuala Lumpur,Leasehold,450000.0,15,1165.80310880829,7.062022902378335,2.772588722239781,0,0,0,1,0,0,0,0,0
One Central Park,Desa Parkcity,Kuala Lumpur,Freehold,1600000.0,15,1374.570446735395,7.226623794418776,2.772588722239781,0,0,0,1,0,0,0,0,0
SEKSYEN 17 SHAH ALAM,Shah Alam,Selangor,Freehold and Leasehold,416000.0,14,1382.0598006644518,7.232053570545166,2.70805020110221,0,0,1,0,0,0,0,1,0
KLEBANG PERDANA,Ipoh,Perak,Freehold,554888.0,14,1495.654986522911,7.310987887932779,2.70805020110221,0,0,0,0,0,0,0,1,0
TAMAN SRI TREH (TAMAN BINTANG ANGKASA),Muar,Johor,Freehold,489000.0,14,2098.7124463519312,7.649555684027099,2.70805020110221,0,0,0,0,0,0,0,1,0
BANDAR PERMATA LUNAS,Lunas,Kedah,Freehold,412500.0,14,2398.2558139534885,7.782913890732683,2.70805020110221,0,0,0,0,0,1,0,1,0
TAMAN TASIK PERDANA,Pengkalan Hulu,Perak,Leasehold,188000.0,14,1197.4522292993631,7.088786194339435,2.70805020110221,0,0,0,0,0,0,0,1,0
TAMAN MASJID TANAH PERDANA,Masjid Tanah,Melaka,Freehold,410000.0,14,3203.125,8.072194321160067,2.70805020110221,0,0,0,0,0,1,0,0,0
TAMAN TEHEL IMPIAN (SAUJANA PERDANA),Bemban,Melaka,Freehold,291230.0,14,1600.1648351648353,7.378486665326445,2.70805020110221,0,0,0,0,0,0,0,1,0
TAMAN SERI BAYU 2,Sungai Lalang,Kedah,Freehold,320000.0,14,1194.0298507462687,7.085926443757614,2.70805020110221,0,0,0,0,0,0,0,1,0
TAMAN JENDERAM SUTERA,Dengkil,Selangor,Freehold,585000.0,14,1399.5215311004786,7.244599968448805,2.70805020110221,0,0,0,0,0,0,0,1,0
TAMAN TOK MUDA SEJAHTERA,Kapar,Selangor,Freehold,378000.0,14,1281.3559322033898,7.156454237170429,2.70805020110221,0,0,0,0,0,0,0,1,0
TAMAN ARA BAYU,Nilai,Negeri Sembilan,Freehold,378800.0,14,1301.7182130584192,7.172208293613246,2.70805020110221,0,0,0,0,0,0,0,1,0
P/L 174132 INDERA MAHKOTA,Kuantan,Pahang,Freehold,392000.0,14,1420.2898550724638,7.259320086938914,2.70805020110221,0,0,0,0,0,0,0,1,0
BANDAR BESTARI PERMAI,Kuala Ketil,Kedah,Freehold,237500.0,14,1746.3235294117646,7.465840484408829,2.70805020110221,0,0,0,0,0,0,0,1,0
PERMAIPURA VILLA,Sungai Lalang,Kedah,Freehold,548000.0,14,5591.836734693878,8.629241903387813,2.70805020110221,0,1,0,0,0,0,0,0,0
TAMAN WANGSA PERMAI (P/L 13367),Lumut,Perak,Freehold,498800.0,14,2802.247191011236,7.938533735293306,2.70805020110221,0,0,0,0,0,1,0,0,0
TAMAN SRI NOVA UTAMA,Tampin,Negeri Sembilan,Freehold,401900.0,14,3756.07476635514,8.231395945922971,2.70805020110221,0,0,0,0,0,1,0,1,0
PLUMERIA @ BANDAR UNIVERSITI,Seri Iskandar,Perak,Leasehold,250000.0,14,1428.5714285714287,7.265129978035143,2.70805020110221,0,0,0,0,0,0,0,1,0
AMAN CITIES,Batu Gajah,Perak,Leasehold,231300.0,14,1595.1724137931035,7.375363800867496,2.70805020110221,0,0,0,0,0,0,0,1,0
BB SETIA AWAN PERDANA RESIDEN 2,Sitiawan,Perak,Freehold,240000.0,14,2051.2820512820513,7.626707648736852,2.70805020110221,0,1,1,0,0,0,0,0,0
TAMAN BUKIT SENAWANG PERDANA (PHASE 2),Rantau,Negeri Sembilan,Freehold,605000.0,14,3805.0314465408806,8.244342310181626,2.70805020110221,0,0,0,0,0,1,0,0,0
SCIENTEX IPOH - BEGONIA,Ipoh,Perak,Freehold,296800.0,14,1168.5039370078741,7.064334952421196,2.70805020110221,0,0,0,0,0,0,0,1,0
TAMAN SRI NIBONG,Bayan Lepas,Penang,Freehold,1175000.0,14,1740.7407407407406,7.462640317829349,2.70805020110221,0,0,0,0,0,0,0,1,0
VISION HOMES,Seremban 2,Negeri Sembilan,Freehold,550000.0,14,2007.2992700729926,7.605043508587402,2.70805020110221,0,0,1,0,0,0,0,0,0
SP SAUJANA,Sungai Petani,Kedah,Freehold,450000.0,14,1939.655172413793,7.570780912782642,2.70805020110221,0,0,0,0,0,0,0,1,0
TAMAN NILAM,Kuah,Kedah,Leasehold,145000.0,14,1435.6435643564357,7.270064813806031,2.70805020110221,0,0,0,0,0,0,0,1,0
TAMAN DESA IMPIAN,Kuah,Kedah,Freehold,618800.0,14,1422.528735632184,7.2608940931193215,2.70805020110221,0,0,0,0,0,0,0,1,0
KAMPUNG MERDEKA - TR 105,Batu Pahat,Johor,Freehold,325000.0,14,1756.7567567567567,7.471793705052401,2.70805020110221,0,0,0,0,0,1,0,1,0
TAMAN DELIMA II,Kluang,Johor,Freehold,314000.0,14,1754.1899441340781,7.47033236031932,2.70805020110221,0,0,0,0,0,1,0,1,0
TAMAN DESA ABLELINK,Klang,Selangor,Freehold,445000.0,14,1118.0904522613066,7.020271538165129,2.70805020110221,0,0,0,0,0,0,0,1,0
RMM BANJARAN SERAPI,Kuching,Sarawak,Leasehold,234000.0,14,1759.3984962406016,7.473295480721962,2.70805020110221,0,0,0,0,0,0,0,1,0
TAMAN MERAK JAYA,Simpang Ampat,Penang,Freehold,315000.0,14,1363.6363636363637,7.218643271861805,2.70805020110221,0,0,0,0,0,0,0,1,0
TAMAN RASAH JAYA V,Rasah,Negeri Sembilan,Freehold,300000.0,14,1648.3516483516485,7.40813754928038,2.70805020110221,0,0,0,0,0,0,0,1,0
TAMAN PRIMA SAUJANA,Kajang,Selangor,Freehold,525000.0,14,1483.050847457627,7.302530686925799,2.70805020110221,0,1,0,0,0,0,0,1,0
TAMAN T&G PHASE 7,Kota Marudu,Sabah,Leasehold,500000.0,14,2100.840336134454,7.650568590480791,2.70805020110221,0,0,0,0,0,1,0,0,0
TAMAN DESA RHU,Sikamat,Negeri Sembilan,Leasehold,237500.0,14,1130.952380952381,7.031699191581834,2.70805020110221,0,0,0,0,0,0,0,1,0
TAMAN LARAH AMAN,Taiping,Perak,Freehold,230000.0,14,1197.9166666666667,7.089173650249033,2.70805020110221,0,0,0,0,0,0,0,1,0
TAMAN PURA KENCANA - TR. 41,Batu Pahat,Johor,Freehold,445000.0,14,1960.352422907489,7.581389525963445,2.70805020110221,0,0,0,0,0,0,0,1,0
TAMAN DATUK TAMBY CHIK KARIM,Batu Berendam,Melaka,Leasehold,305000.0,14,1343.612334801762,7.203861023577391,2.70805020110221,0,0,0,0,0,0,0,1,0
TAMAN PERMAI BIDOR,Bidor,Perak,Leasehold,364000.0,14,2379.0849673202615,7.774891466583003,2.70805020110221,0,0,1,0,0,1,0,1,0
TAMAN BAKRI JAYA,Bakri,Johor,Freehold,610000.0,14,2563.0252100840335,7.84933365031829,2.70805020110221,0,0,0,0,0,0,0,1,0
BANDAR TUN RAZAK,Cheras,Kuala Lumpur,Leasehold,335000.0,14,1124.1610738255033,7.025681481123491,2.70805020110221,0,0,1,0,0,0,0,1,0
TAMAN SELATAN,Klang,Selangor,Freehold,655000.0,14,2212.837837837838,7.702482866610429,2.70805020110221,0,0,0,0,0,0,0,1,0
USJ 13,Subang Jaya,Selangor,Freehold,697500.0,14,1263.5869565217392,7.142500831259869,2.70805020110221,0,0,0,0,0,0,0,1,0
USJ HEIGHTS,Subang Jaya,Selangor,Freehold,2125000.0,14,3405.448717948718,8.13342559592419,2.70805020110221,0,0,0,0,0,0,0,1,0
TAMAN SUNGAI UDANG MUTIARA,Sungai Udang,Melaka,Freehold,290000.0,14,1657.142857142857,7.413453494313309,2.70805020110221,0,0,0,0,0,0,0,1,0
PERUMAHAN PASDEC,Kuantan,Pahang,Leasehold,250000.0,14,1322.7513227513227,7.188224896160687,2.70805020110221,0,0,0,0,0,0,0,1,0
TAMAN IMPIAN JAYA,Senai,Johor,Leasehold,411000.0,14,2894.3661971830984,7.970866874989605,2.70805020110221,0,0,0,0,0,0,0,1,0
TAMAN SRI WANGSA II,Batu Gajah,Perak,Leasehold,229400.0,14,1201.0471204188482,7.091781316006362,2.70805020110221,0,0,0,0,0,0,0,1,0
PUNCAK BOUGAINVILLEA,Padang Rengas,Perak,Freehold,274440.0,14,1467.5935828877004,7.292060475463977,2.70805020110221,0,0,0,0,0,0,0,1,0
TAMAN SAMUDRA,Batu Caves,Selangor,Leasehold,550000.0,14,946.6437177280551,6.853978606433662,2.70805020110221,0,0,0,0,0,0,0,1,0
TAMAN SILIBIN RIA,Ipoh,Perak,Leasehold,515000.0,14,1757.679180887372,7.472318340887167,2.70805020110221,0,0,0,0,0,1,0,1,0
TAMAN TEMIANG JAYA II,Muar,Johor,Freehold,865000.0,14,2629.1793313069907,7.874807309655937,2.70805020110221,0,0,0,0,0,0,0,1,0
SIERRAMAS,Sungai Buloh,Selangor,Freehold,2405000.0,14,3589.5522388059703,8.186061296617622,2.70805020110221,0,1,0,0,0,1,0,0,0
RPR BATU KAWA,Kuching,Sarawak,Leasehold,250000.0,14,1262.6262626262626,7.1417408526833475,2.70805020110221,0,0,0,0,0,0,0,1,0
TAMAN SRI PULASAN,Seremban,Negeri Sembilan,Leasehold,215000.0,14,1250.0,7.1316985104669115,2.70805020110221,0,0,0,0,0,0,0,1,0
TAMAN DESA JASMIN,Nilai,Negeri Sembilan,Freehold,334500.0,14,1592.857142857143,7.373912233537866,2.70805020110221,0,0,0,0,0,0,0,1,0
TAMAN DATUK SENU,Sentul,Kuala Lumpur,Leasehold,330000.0,14,643.2748538011696,6.46812542667144,2.70805020110221,0,0,1,0,0,0,0,1,0
TAMAN MEDAN PASIR SAUJANA,Ipoh,Perak,Freehold,559000.0,14,1663.6904761904761,7.417394484947063,2.70805020110221,0,0,0,0,0,0,0,1,0
SEKSYEN 20,Petaling Jaya,Selangor,Freehold,885000.0,14,2077.4647887323945,7.639384817838296,2.70805020110221,0,0,0,0,0,0,0,1,0
TAMAN MAKMUR FASA 1,Lunas,Kedah,Freehold,300000.0,14,1449.2753623188405,7.279508722432415,2.70805020110221,0,0,0,0,0,0,0,1,0
SENIBONG VILLAS,Masai,Johor,Freehold,2125000.0,14,4660.087719298245,8.4470041160408,2.70805020110221,0,1,0,0,0,0,0,0,0
TAMAN KOTA YONG PENG,Yong Peng,Johor,Freehold,240000.0,14,1500.0,7.313886831633462,2.70805020110221,0,0,0,0,0,0,0,1,0
TAMAN ANGSANA,Kulim,Kedah,Freehold,297000.0,14,1375.0,7.226936018493289,2.70805020110221,0,0,0,0,0,0,0,1,0
TAMAN KOPERASI POLIS FASA 2,Batu Caves,Kuala Lumpur,Freehold,460000.0,14,912.6984126984127,6.8175005527790455,2.70805020110221,0,0,0,0,0,0,0,1,0
JALAN INDAH,Sibu,Sarawak,Leasehold,267500.0,14,2247.8991596638657,7.718196113098963,2.70805020110221,0,0,0,0,0,0,0,1,0
TAMAN PERMAIPURA,Sungai Lalang,Kedah,Freehold,240000.0,14,1600.0,7.3783837129967145,2.70805020110221,0,1,0,0,0,0,0,1,0
TAMAN KESANG MAWAR,Muar,Johor,Freehold,485000.0,14,1837.121212121212,7.516499248576432,2.70805020110221,0,0,0,0,0,0,0,1,0
RIVERIA,Kota Samarahan,Sarawak,Leasehold,592500.0,14,2781.6901408450703,7.931173415350517,2.70805020110221,0,0,0,0,0,0,0,1,0
TAMAN JENJAROM PERMAI,Tanjong Duabelas,Selangor,Freehold and Leasehold,414973.0,14,1542.6505576208178,7.341905382185411,2.70805020110221,0,0,0,0,0,0,0,1,0
TAMAN KEMPAS FASA 1,Sungai Petani,Kedah,Freehold,237500.0,14,1304.9450549450548,7.174682237699484,2.70805020110221,0,0,0,0,0,0,0,1,0
BANDAR AINSDALE,Labu,Negeri Sembilan,Freehold,623888.0,14,1405.1531531531532,7.248612994712292,2.70805020110221,0,0,0,0,0,0,0,1,0
MAJIDEE PARK,Johor Bahru,Johor,Freehold,935000.0,14,4947.089947089947,8.506756911821272,2.70805020110221,0,1,0,0,0,1,0,0,0
TAMAN ANGGERIK HEIGHTS,Bentong,Pahang,Freehold,338000.0,14,1396.6942148760331,7.242579168451053,2.70805020110221,0,0,0,0,0,0,0,1,0
TAMAN LAHAT PERMAI,Lahat,Perak,Leasehold,280000.0,14,1250.0,7.1316985104669115,2.70805020110221,0,0,0,0,0,0,0,1,0
TAMAN AMAN 3,Lahad Datu,Sabah,Leasehold,375000.0,14,2130.681818181818,7.664666533145289,2.70805020110221,0,0,0,0,0,0,0,1,0
TAMAN GURUN JAYA,Gurun,Kedah,Freehold,206500.0,14,1929.9065420560748,7.565744882529176,2.70805020110221,0,0,0,0,0,1,0,1,0
TAMAN SELAYANG UTAMA,Selayang,Selangor,Leasehold,684000.0,14,1393.0753564154786,7.239986647546262,2.70805020110221,0,0,0,0,0,0,0,1,0
PERUMAHAN PRIMA BG SERAI,Bagan Serai,Perak,Freehold,310000.0,14,1396.3963963963963,7.242366067323267,2.70805020110221,0,0,0,0,0,0,0,1,0
TAMAN SERI KIJANG,Bukit Mertajam,Penang,Freehold,311500.0,14,1149.4464944649446,7.04790540206189,2.70805020110221,0,0,0,0,0,0,0,1,0
TAMAN TANGGA BATU PERDANA,Tanjong Kling,Melaka,Leasehold,308000.0,14,1595.8549222797928,7.375791300180999,2.70805020110221,0,0,0,0,0,0,0,1,0
TAMAN SERI RANTAU,Kapar,Selangor,Freehold,410000.0,14,1633.4661354581674,7.39907150735567,2.70805020110221,0,0,0,0,0,0,0,1,0
TAMAN ASEAN,Balai Panjang,Melaka,Freehold,382500.0,14,1620.7627118644068,7.391268930424959,2.70805020110221,0,0,0,0,0,0,0,1,0
TAMAN KLANG JAYA,Klang,Selangor,Freehold,475000.0,14,2047.4137931034484,7.624821013164362,2.70805020110221,0,0,0,0,0,0,0,1,0
SEKSYEN 8 SHAH ALAM,Shah Alam,Selangor,Leasehold,700000.0,14,2011.4942528735633,7.6071301535736415,2.70805020110221,0,0,0,0,0,0,0,1,0
Taman Haji Mohd Amin,Permatang Pauh,Penang,Freehold,160000.0,14,733.9449541284404,6.599795604066007,2.70805020110221,0,0,0,0,1,0,0,0,0
Taman Mengkudu,Bukit Minyak,Penang,Freehold,100000.0,14,598.8023952095808,6.3966002596540195,2.70805020110221,0,0,0,0,1,0,0,0,0
Queens Residences Q2 @ Queens Waterfront,Bayan Lepas,Penang,Freehold,1253287.0,14,1175.6913696060037,7.070461855038299,2.70805020110221,0,0,0,1,0,0,0,0,0
Magna Ville,Selayang,Selangor,Leasehold,350000.0,14,1107.5949367088608,7.010848669691187,2.70805020110221,0,0,0,1,0,0,0,0,0
Krystal Heights,Jelutong,Penang,Freehold,177500.0,14,474.59893048128345,6.164574916036309,2.70805020110221,0,0,0,0,1,0,0,0,0
University Apartment Phase 1,Kota Kinabalu,Sabah,Leasehold,245000.0,14,612.5,6.419180264150966,2.70805020110221,1,0,0,0,0,0,0,0,0
Pangsapuri Saujana Permai 1,Kajang,Selangor,Freehold,310000.0,14,1000.0,6.90875477931522,2.70805020110221,1,0,0,0,0,0,0,0,0
Lakeview Apartments,Selayang,Selangor,Leasehold,282500.0,14,871.9135802469136,6.771836559240762,2.70805020110221,1,0,0,0,0,0,0,0,0
Delima Impian,Bukit Minyak,Penang,Freehold,160000.0,14,645.1612903225806,6.471049148040832,2.70805020110221,0,0,0,0,1,0,0,0,0
Selesa Puteri Condominium,Skudai,Johor,Freehold,271000.0,14,1011.1940298507462,6.919875560571263,2.70805020110221,0,0,0,1,0,0,0,0,0
Bahagia Residences,Miri,Sarawak,Leasehold,260000.0,14,849.6732026143791,6.7460280390911675,2.70805020110221,1,0,0,0,0,0,0,0,0
Summer Place,Jelutong,Penang,Leasehold,690000.0,14,1083.2025117739404,6.988599983530749,2.70805020110221,0,0,0,1,0,0,0,0,0
Indah,Butterworth,Penang,Freehold,215000.0,14,709.5709570957096,6.566068811791525,2.70805020110221,1,0,0,0,0,0,0,0,0
Subang Perdana Goodyear Court 3,Subang Jaya,Selangor,Freehold,354000.0,14,936.5079365079365,6.843225223417199,2.70805020110221,1,0,0,0,0,0,0,0,0
1Medini,Iskandar Puteri (Nusajaya),Johor,Freehold,370000.0,14,1010.9289617486339,6.919613651483004,2.70805020110221,0,0,0,1,0,0,0,0,0
Bukit Pandan Kondominium 1,Cheras,Kuala Lumpur,Freehold,380000.0,14,1180.1242236024846,7.074221995765276,2.70805020110221,0,0,0,1,0,0,0,0,0
Cormar Suites (Fraser Place (Lot 163)),Klcc,Kuala Lumpur,Freehold,749400.0,14,624.5,6.438551329906966,2.70805020110221,0,0,0,0,0,0,1,0,0
Golden Villa,Klang,Selangor,Freehold,217500.0,14,962.3893805309734,6.870457671227929,2.70805020110221,1,0,0,0,0,0,0,0,0
Kota Laksamana Utama,Melaka City,Melaka,Leasehold,126000.0,14,812.9032258064516,6.701841471719233,2.70805020110221,1,0,0,0,0,0,0,0,0
Sky Gardens Residences,Tampoi,Johor,Freehold,435000.0,14,1053.2687651331719,6.960602691978027,2.70805020110221,0,0,0,0,0,0,1,0,0
Suasana Lumayan,Cheras,Kuala Lumpur,Leasehold,487500.0,14,1197.7886977886978,7.089066907460709,2.70805020110221,0,0,0,1,0,0,0,0,0
Genting Court Condominium,Setapak,Kuala Lumpur,Leasehold,204500.0,14,732.9749103942652,6.598474846006135,2.70805020110221,0,0,0,1,0,0,0,0,0
Four Seasons Place,Klcc,Kuala Lumpur,Freehold,11420500.0,14,3785.38283062645,8.239166444096877,2.70805020110221,0,0,0,0,0,0,1,0,0
Cherry,Ipoh,Perak,Freehold,137500.0,14,763.8888888888889,6.639730579995211,2.70805020110221,1,0,0,0,0,0,0,0,0
Seri Pauh,Bukit Mertajam,Penang,Leasehold,170000.0,14,602.8368794326241,6.4033040942955815,2.70805020110221,0,0,0,0,1,0,0,0,0
Pantai Hillpark 2,Pantai,Kuala Lumpur,Leasehold,462500.0,14,914.0316205533596,6.8189586226602215,2.70805020110221,0,0,0,1,0,0,0,0,0
Pantai Panorama Condominiums,Kampung Kerinchi (Bangsar South),Kuala Lumpur,Freehold,482500.0,14,1104.1189931350114,7.007708294249155,2.70805020110221,0,0,0,1,0,0,0,0,0
Ixora Apartment,Bukit Baru,Melaka,Freehold,332500.0,14,1283.7837837837837,7.1583457215248805,2.70805020110221,1,0,0,0,0,0,0,0,0
Villa Flora,Taman Tun Dr Ismail,Kuala Lumpur,Freehold,830500.0,14,1384.1666666666667,7.233575748324971,2.70805020110221,0,0,0,1,0,0,0,0,0
Bercham Prima (Ipoh Kiara),Ipoh,Perak,Leasehold,315000.0,14,1216.2162162162163,7.104321740490937,2.70805020110221,0,0,0,1,0,0,0,0,0
Aman Heights Condominium,Seri Kembangan,Selangor,Freehold,393500.0,14,1265.2733118971062,7.143833465578704,2.70805020110221,0,0,0,1,0,0,0,0,0
Taman Air Tawar Indah,Butterworth,Penang,Freehold,110000.0,14,539.2156862745098,6.291968478838645,2.70805020110221,0,0,0,0,1,0,0,0,0
Vista Seri Putra,Bangi,Selangor,Freehold,316000.0,14,910.6628242074928,6.815270211415828,2.70805020110221,1,0,0,0,0,0,0,0,0
Harmony View,Jelutong,Penang,Freehold,378000.0,14,675.0,6.516193076042964,2.70805020110221,1,0,0,0,0,0,0,0,0
Sri Anggerik 2,Puchong,Selangor,Freehold,380000.0,14,829.6943231441048,6.722261884999724,2.70805020110221,1,0,0,0,0,0,0,0,0
Sri Kenari Apartment,Johor Bahru,Johor,Leasehold,320000.0,14,914.2857142857143,6.819236272583709,2.70805020110221,1,0,0,0,1,0,0,0,0
Residensi Solaris Parq,Dutamas,Kuala Lumpur,Freehold,1090000.0,14,1020.5992509363296,6.929124571492071,2.70805020110221,0,0,0,0,0,0,1,0,0
Taman Machang Bubok,Bukit Mertajam,Penang,Freehold,71000.0,14,586.7768595041322,6.376347385234601,2.70805020110221,0,0,0,0,1,0,0,0,0
Seri Intan Apartment,Setia Alam,Selangor,Freehold,340000.0,14,829.2682926829268,6.721748892754792,2.70805020110221,1,0,0,0,0,0,0,0,0
Pavilion Hilltop,Mont Kiara,Kuala Lumpur,Freehold,2531000.0,14,2614.6694214876034,7.869275336659116,2.70805020110221,0,0,0,1,0,0,0,0,0
Kelana D'Putera,Kelana Jaya,Selangor,Leasehold,400000.0,14,1169.5906432748538,7.0652637237232225,2.70805020110221,0,0,0,1,0,0,0,0,0
Petaling Indah Condominiums,Sri Petaling,Kuala Lumpur,Leasehold,298850.0,14,1006.2289562289562,6.9149582315513545,2.70805020110221,0,0,0,1,0,0,0,0,0
Desa Dua,Kepong,Selangor,Freehold,262500.0,14,838.6581469648562,6.732994841104468,2.70805020110221,1,0,0,0,0,0,0,0,0
Suria Stonor,Klcc,Kuala Lumpur,Freehold,1853500.0,14,1580.1364023870417,7.365899109507544,2.70805020110221,0,0,0,0,0,0,1,0,0
Taman Pusat Kepong,Segambut,Kuala Lumpur,Leasehold,182500.0,14,935.8974358974359,6.842573816159114,2.70805020110221,0,0,0,0,1,0,0,0,0
Scott Towers @ Larkin JB,Johor Bahru,Johor,Leasehold,395000.0,14,968.1372549019608,6.876406247785585,2.70805020110221,1,0,0,0,0,0,0,0,0
Abadi Indah,Taman Desa,Kuala Lumpur,Leasehold,300000.0,14,917.4311926605504,6.822666989122409,2.70805020110221,1,0,0,0,0,0,0,0,0
Telipok Square,Tuaran,Sabah,Leasehold,137000.0,14,637.2093023255813,6.4586662896162945,2.70805020110221,0,0,0,0,1,0,0,0,0
Rumah Pangsa Sri Orkid,Ulu Tiram,Johor,Freehold,157500.0,14,709.4594594594595,6.565911886738859,2.70805020110221,0,0,0,0,1,0,0,0,0
Pangsapuri Ikhlas,Jitra,Kedah,Freehold,165000.0,14,684.6473029045643,6.530363359805171,2.70805020110221,1,0,0,0,0,0,0,0,0
TAMAN DAYA,Kepong,Selangor,Leasehold,550000.0,13,1067.9611650485438,6.97444258206632,2.6390573296152584,0,0,0,0,0,0,0,1,0
TAMAN BRINGIN,Jinjang,Kuala Lumpur,Leasehold,300000.0,13,635.5932203389831,6.456130864993895,2.6390573296152584,0,0,1,0,0,0,0,1,0
BANDAR ALAM MASAI,Masai,Johor,Freehold,688000.0,13,1890.10989010989,7.544919179138118,2.6390573296152584,0,0,0,0,0,0,0,1,0
TAMAN GRANDVIEW,Sandakan,Sabah,Leasehold,430000.0,13,2067.3076923076924,7.634486011943405,2.6390573296152584,0,0,0,0,0,0,0,1,0
TAMAN PERMATA,Ulu Klang,Selangor,Freehold,450000.0,13,1025.0569476082005,6.933478528681821,2.6390573296152584,0,0,0,0,0,0,0,1,0
TAMAN BUKIT SUBANG,Shah Alam,Selangor,Freehold,590000.0,13,1421.686746987952,7.260302438219027,2.6390573296152584,0,0,0,0,0,0,0,1,0
TAMAN BERKELEY,Kapar,Selangor,Freehold,540000.0,13,1963.6363636363637,7.583062450504657,2.6390573296152584,0,1,0,0,0,0,0,1,0
TAMAN PERLING LABIS- TR 74,Labis,Johor,Freehold,386400.0,13,1725.0,7.453561871643373,2.6390573296152584,0,0,0,0,0,0,0,1,0
TAMAN BUKIT WANGSA SETIA,Ulu Bernam,Perak,Freehold,408000.0,13,1397.2602739726028,7.242984081411232,2.6390573296152584,0,0,0,0,0,0,0,1,0
PERUMAHAN MAKMUR GAMBANG JAYA 1 (PRIMA),Kuantan,Pahang,Leasehold,230000.0,13,2911.3924050632913,7.976730154724026,2.6390573296152584,0,0,0,0,0,1,0,0,0
NADA 4 @ NADA ALAM,Mantin,Negeri Sembilan,Freehold,800000.0,13,1541.4258188824663,7.341111663136865,2.6390573296152584,0,0,0,0,0,0,0,1,0
TAMAN TAN SRI FUZI,Seri Iskandar,Perak,Freehold,228000.0,13,1398.7730061349694,7.244065363982465,2.6390573296152584,0,0,0,0,0,0,0,1,0
TAMAN RAIA SENTOSA (PRIMA SUNGAI RAYA),Simpang Pulai,Perak,Leasehold,285000.0,13,1301.3698630136987,7.171940855402617,2.6390573296152584,0,0,0,0,0,0,0,1,0
TAMAN PELANGI [SIKAMAT],Sikamat,Negeri Sembilan,Freehold,240000.0,13,1340.782122905028,7.201753951821243,2.6390573296152584,0,0,0,0,0,0,0,1,0
LAKEVIEW RESIDENCE,Bidor,Perak,Leasehold,398700.0,13,2658.0,7.88570539124302,2.6390573296152584,0,0,1,0,0,0,0,0,0
TAMAN SERI BINTANG,Tampin,Negeri Sembilan,Freehold,249998.0,13,1552.7826086956522,7.348447629697633,2.6390573296152584,0,0,0,0,0,0,0,1,0
P/L143461 SERI MAHKOTA DAMAI FASA 6,Kuantan,Pahang,Freehold,236000.0,13,1650.3496503496503,7.409348202448435,2.6390573296152584,0,0,0,0,0,0,0,1,0
BAYU SUTERA - PRECINCT 3A,Jimah,Negeri Sembilan,Freehold,608299.0,13,1398.3885057471264,7.243790638577282,2.6390573296152584,0,0,0,0,0,0,0,1,0
TAMAN DESA BUKIT NILAM,Kapar,Selangor,Freehold,549900.0,13,1406.3938618925831,7.249494948213135,2.6390573296152584,0,0,0,0,0,0,0,1,0
KAWASAN ABDUL SAMAD/MARIMAH,Johor Bahru,Johor,Freehold,980000.0,13,7480.916030534351,8.920244191981489,2.6390573296152584,0,0,1,0,0,1,0,0,0
ANDARI TOWNVILLA 1 & GARDENVILLE,Rawang,Selangor,Leasehold,310000.0,13,1240.0,7.123672785204607,2.6390573296152584,0,0,0,0,0,0,0,0,1
TAMAN PULAI EMAS,Kulai,Johor,Leasehold,385000.0,13,1184.6153846153845,7.078017230685183,2.6390573296152584,0,0,0,0,0,0,0,1,0
TAMAN BUKIT RANGIN 3,Kuantan,Pahang,Leasehold,210000.0,13,1257.4850299401198,7.137663919343812,2.6390573296152584,0,0,0,0,0,0,0,1,0
TAMAN SATRIA JAYA,Kuching,Sarawak,Leasehold,580000.0,13,2042.2535211267605,7.622298679691835,2.6390573296152584,0,0,0,0,0,0,0,1,0
TAMAN SETAPAK INDAH,Setapak,Kuala Lumpur,Leasehold,510000.0,13,1183.294663573086,7.076902655741688,2.6390573296152584,0,0,0,0,0,0,0,0,1
TAMAN PULASAN,Alor Setar,Kedah,Freehold,561200.0,13,2078.5185185185187,7.639891664417909,2.6390573296152584,0,1,0,0,0,0,0,1,0
TAMAN CRESCENTIA,Batu Kawan,Penang,Leasehold,350000.0,13,1258.9928057553957,7.138861290211283,2.6390573296152584,0,0,1,0,0,0,0,1,0
TAMAN DESA JAWI,Nibong Tebal,Penang,Leasehold,190000.0,13,954.7738693467337,6.862521346731559,2.6390573296152584,0,0,0,0,0,0,0,1,0
BANDAR TEKNOLOGI,Kajang,Selangor,Freehold,370000.0,13,1375.4646840148698,7.227273667889471,2.6390573296152584,0,0,0,0,0,0,0,1,0
KAMPUNG BATU TIONG / BATU GEDUP,Dungun,Terengganu,Freehold,350000.0,13,3571.4285714285716,8.18100091560234,2.6390573296152584,0,0,0,0,0,1,0,0,0
TAMAN GEMILANG,Seri Iskandar,Perak,Leasehold,370000.0,13,2936.5079365079364,7.985316860238701,2.6390573296152584,0,0,0,0,0,1,0,1,0
TAMAN TUALANG INDAH,Mentakab,Pahang,Freehold,210000.0,13,1458.3333333333333,7.285734989414698,2.6390573296152584,0,0,0,0,0,0,0,1,0
TAMAN DESA PERMAI,Kapar,Selangor,Freehold,575000.0,13,2804.878048780488,7.939471798841436,2.6390573296152584,0,0,0,0,0,1,0,0,0
PUCHONG HARTAMAS,Puchong,Selangor,Freehold,800000.0,13,1616.1616161616162,7.388427802734519,2.6390573296152584,0,0,0,0,0,0,0,1,0
TAMAN BEMBAN SETIA,Batu Gajah,Perak,Leasehold,240000.0,13,1445.7831325301204,7.277097841543104,2.6390573296152584,0,0,0,0,0,0,0,1,0
TAMAN IMPIANA ADRIL,Lahat,Perak,Leasehold,250000.0,13,1358.695652173913,7.21501616852022,2.6390573296152584,0,0,0,0,0,0,0,1,0
D'ISLAND RESIDENCE,Puchong,Selangor,Freehold and Leasehold,929000.0,13,1821.5686274509803,7.5080021188396895,2.6390573296152584,0,0,0,0,0,0,0,1,0
TAMAN DESA MELATI,Nilai,Negeri Sembilan,Freehold,490000.0,13,2207.2072072072074,7.699936246837772,2.6390573296152584,0,0,0,0,0,0,0,1,0
TAMAN SINTAR INDAH,Nibong Tebal,Penang,Freehold,340000.0,13,1354.581673306773,7.211985920393039,2.6390573296152584,0,0,0,0,0,1,0,1,0
TAMAN CEMPAKA,Banting,Selangor,Freehold,450000.0,13,1982.3788546255507,7.592557161520217,2.6390573296152584,0,0,0,0,0,0,0,1,0
TTDI JAYA,Shah Alam,Selangor,Freehold,600000.0,13,1570.6806282722514,7.3599007896721345,2.6390573296152584,0,0,0,0,0,0,0,1,0
"TAMAN BAYU INDERA, LUKUT",Port Dickson,Negeri Sembilan,Freehold,305000.0,13,1525.0,7.330405211844402,2.6390573296152584,0,0,0,0,0,0,0,1,0
TAMAN TEMIANG JAYA,Muar,Johor,Freehold,610000.0,13,1955.128205128205,7.578722392990885,2.6390573296152584,0,0,0,0,0,0,0,1,0
PANDAMARAN JAYA,Pandamaran,Selangor,Leasehold,250000.0,13,1250.0,7.1316985104669115,2.6390573296152584,0,0,0,0,0,0,0,1,0
TAMAN BUKIT TEMBAKAU,Umbai,Melaka,Freehold,260000.0,13,1666.6666666666667,7.419180722820095,2.6390573296152584,0,0,0,0,0,1,0,1,0
TAMAN BUKIT BELIMBING,Balakong,Selangor,Freehold,390000.0,13,898.6175115207374,6.801969685792476,2.6390573296152584,0,0,0,0,0,0,0,1,0
OFF JALAN TELOK GADONG,Klang,Selangor,Freehold,600000.0,13,1986.7549668874171,7.5947611235270145,2.6390573296152584,0,0,0,0,0,0,0,1,0
TAMAN SEMENYIH MEWAH,Semenyih,Selangor,Freehold,615000.0,13,1737.2881355932204,7.460656077811227,2.6390573296152584,0,0,0,0,0,0,0,1,0
TAMAN ENG ANN,Klang,Selangor,Freehold,480000.0,13,2000.0,7.601402334583733,2.6390573296152584,0,0,0,0,0,0,0,1,0
TAMAN EHSAN JAYA,Ulu Tiram,Johor,Leasehold,670000.0,13,1342.685370741483,7.20317139452693,2.6390573296152584,0,0,0,0,0,0,0,1,0
TAMAN PAUH JAYA,Perai,Penang,Freehold,590000.0,13,1475.0,7.297091005160418,2.6390573296152584,0,0,0,0,0,0,0,1,0
TAMAN TIRAM,Kulim,Kedah,Freehold,280000.0,13,1581.9209039548023,7.367027092716567,2.6390573296152584,0,0,0,0,0,1,0,1,0
SETIA DAMAI 15,Setia Alam,Selangor,Freehold,1490000.0,13,2779.8507462686566,7.930512183706585,2.6390573296152584,0,0,0,0,0,1,0,0,0
TAMAN DARULAMAN PERDANA,Sungai Petani,Kedah,Freehold,380000.0,13,2043.010752688172,7.622669211920409,2.6390573296152584,0,0,0,0,0,1,0,1,0
TAMAN BUKIT SERDANG SEKSYEN 2,Seri Kembangan,Selangor,Freehold,455000.0,13,1338.235294117647,7.199854054015806,2.6390573296152584,0,0,0,0,0,0,0,0,1
TAMAN SEMENYIH INDAH,Semenyih,Selangor,Freehold,390000.0,13,1344.8275862068965,7.204764408543019,2.6390573296152584,0,0,0,0,0,0,0,1,0
TAMAN SRI SENTOSA,Klang,Selangor,Freehold,420000.0,13,1213.8728323699422,7.102394685580818,2.6390573296152584,0,0,0,0,0,0,0,1,1
TAMAN NUSA PERINTIS I,Iskandar Puteri (Nusajaya),Johor,Freehold,550000.0,13,2925.531914893617,7.981573354153997,2.6390573296152584,0,1,0,0,0,0,0,1,0
TAMAN BERTAM IMPIAN,Tanjong Minyak,Melaka,Freehold,270000.0,13,1304.3478260869565,7.174224817643044,2.6390573296152584,0,0,0,0,0,0,0,1,0
DESA PENGKALAN BERSATU,Ipoh,Perak,Leasehold,309800.0,13,1285.4771784232364,7.159662892289863,2.6390573296152584,0,0,0,0,0,0,0,1,0
TAMAN MAJU,Batu Pahat,Johor,Freehold,365000.0,13,1483.739837398374,7.302994842217467,2.6390573296152584,0,0,0,0,0,0,0,1,0
SEKSYEN 8,Petaling Jaya,Selangor,Leasehold,600000.0,13,1941.7475728155339,7.571858524733551,2.6390573296152584,0,0,0,0,0,1,0,1,0
TAMAN MENARA MAJU,Klang,Selangor,Freehold,400000.0,13,1581.0276679841897,7.366462637418779,2.6390573296152584,0,0,0,0,0,0,0,1,0
TAMAN JATI,Rawang,Selangor,Leasehold,300000.0,13,1023.8907849829352,6.932341334659362,2.6390573296152584,0,0,0,0,0,0,0,1,0
PERKAMPUNGAN SRI MAHKOTA AMAN,Kuantan,Pahang,Freehold,250000.0,13,1602.5641025641025,7.379983994987799,2.6390573296152584,0,0,0,0,0,0,0,1,0
TAMAN BENDAHARA,Kuala Selangor,Selangor,Freehold,450000.0,13,2093.0232558139537,7.646842497297157,2.6390573296152584,0,0,0,0,0,1,0,1,0
MEDAN LAHAT BARU,Lahat,Perak,Leasehold,288800.0,13,1613.4078212290503,7.38672349425377,2.6390573296152584,0,0,0,0,0,0,0,1,0
INDERA DUTA,Kuantan,Pahang,Leasehold,360000.0,13,1585.9030837004404,7.369539649789822,2.6390573296152584,0,0,0,0,0,0,0,1,0
TAMAN KOBENA,Tampoi,Johor,Leasehold,330000.0,13,1601.9417475728155,7.379595812319069,2.6390573296152584,0,0,0,0,0,0,0,1,0
TAMAN SEGAR PERDANA,Cheras,Selangor,Leasehold,929000.0,13,1689.090909090909,7.432537598831846,2.6390573296152584,0,0,0,0,0,1,0,0,0
TAMAN INDAH (SUNGAI UDANG),Masjid Tanah,Melaka,Leasehold,300000.0,13,1630.4347826086957,7.397215141350669,2.6390573296152584,0,0,0,0,0,0,0,1,0
LUCKY GARDEN (JALAN BANGSAR),Bangsar,Kuala Lumpur,Freehold,1270000.0,13,2035.2564102564102,7.618868307980746,2.6390573296152584,0,0,0,0,0,1,0,1,0
TAMAN DELIMA,Sitiawan,Perak,Freehold,368800.0,13,2048.8888888888887,7.6255408701215455,2.6390573296152584,0,0,0,0,0,0,0,1,0
TAMAN SEMARAK II,Nilai,Negeri Sembilan,Freehold,300000.0,13,1538.4615384615386,7.339187983916088,2.6390573296152584,0,0,0,0,0,0,0,1,0
KAMPUNG CHERANG RUKU,Cherang Ruku,Kelantan,Freehold,325000.0,13,5327.868852459016,8.580894271834259,2.6390573296152584,0,1,0,0,0,0,0,1,0
Taman Langat Murni Apartment,Dengkil,Selangor,Leasehold,180000.0,13,803.5714285714286,6.690309748782565,2.6390573296152584,1,0,0,0,0,0,0,0,0
Grace Residence,Jelutong,Penang,Freehold,780000.0,13,1317.5675675675675,7.184301250265355,2.6390573296152584,0,0,0,1,0,0,0,0,0
Desa Skudai Apartment,Skudai,Johor,Freehold,330000.0,13,1174.3772241992883,7.06934441692708,2.6390573296152584,1,0,0,0,0,0,0,0,0
Flat PKNS Seksyen 8,Shah Alam,Selangor,Leasehold,170000.0,13,592.3344947735192,6.385758312099565,2.6390573296152584,0,0,0,0,1,0,0,0,0
Desaria Villa,Puchong,Selangor,Leasehold,220000.0,13,1078.4313725490197,6.984189674565782,2.6390573296152584,0,0,0,1,0,0,0,0,0
Tropicana Bay Residences,Bayan Lepas,Penang,Freehold,595000.0,13,864.8255813953489,6.763683481112564,2.6390573296152584,0,0,0,1,0,0,0,0,0
1120 Park Avenue,Petaling Jaya,Selangor,Leasehold,430000.0,13,1018.957345971564,6.927516087728996,2.6390573296152584,0,0,0,1,0,0,0,0,0
Seri Jati,Setia Alam,Selangor,Freehold,325000.0,13,818.639798488665,6.708864973615135,2.6390573296152584,1,0,0,0,0,0,0,0,0
D'Cerrum Apartment,Semenyih,Selangor,Freehold,290000.0,13,947.7124183006536,6.855105716120954,2.6390573296152584,1,0,0,0,0,0,0,0,0
Atlantis Residences (Pangsapuri Atlantis Kota Syahbandar),Melaka City,Melaka,Leasehold,330000.0,13,722.1006564551423,6.583548433015015,2.6390573296152584,0,0,0,0,0,0,1,0,0
Atmosfera Kondominium,Puchong,Selangor,Freehold,580000.0,13,1428.5714285714287,7.265129978035143,2.6390573296152584,0,0,0,1,0,0,0,0,0
Andaman Quayside,Tanjong Tokong,Penang,Freehold,2550000.0,13,2236.842105263158,7.713267334668575,2.6390573296152584,0,0,0,1,0,0,0,0,0
Taman Setia Balakong,Balakong,Selangor,Leasehold,170000.0,13,735.930735930736,6.602493906674785,2.6390573296152584,0,0,0,0,1,0,0,0,0
"Taman Daya - Jalan Pinang 3, 4",Tebrau,Johor,Freehold,150000.0,13,581.3953488372093,6.36714951065074,2.6390573296152584,0,0,0,0,1,0,0,0,0
Subang Perdana Goodyear Court 9,Subang Jaya,Selangor,Freehold,380000.0,13,1018.7667560321715,6.927329209572524,2.6390573296152584,1,0,0,0,0,0,0,0,0
Kenanga (Park View Court),Melaka City,Melaka,Freehold,220000.0,13,956.5217391304348,6.864348424849742,2.6390573296152584,1,0,0,0,0,0,0,0,0
Nova Saujana,Saujana,Selangor,Freehold,530000.0,13,863.1921824104235,6.761795177414824,2.6390573296152584,0,0,0,0,0,0,1,0,0
Puncak Banyan,Cheras,Kuala Lumpur,Freehold,328000.0,13,817.9551122194514,6.708029274316196,2.6390573296152584,0,0,0,1,0,0,0,0,0
Vista Kiara,Mont Kiara,Kuala Lumpur,Freehold,630000.0,13,1393.8053097345132,7.240510121601329,2.6390573296152584,0,0,0,1,0,0,0,0,0
Valencia Apartment,Shah Alam,Selangor,Leasehold,170000.0,13,949.7206703910615,6.857220297414374,2.6390573296152584,1,0,0,0,0,0,0,0,0
Pan Vista,Permas Jaya,Johor,Freehold,339000.0,13,1024.1691842900302,6.932612935795893,2.6390573296152584,1,0,0,0,0,0,0,0,0
Larkin Heights,Johor Bahru,Johor,Leasehold,388000.0,13,1000.0,6.90875477931522,2.6390573296152584,0,0,0,0,0,0,1,0,0
Casa Tropika,Puchong,Selangor,Leasehold,495000.0,13,1259.5419847328244,7.139297054072343,2.6390573296152584,0,0,0,1,0,0,0,0,0
The Clovers,Bayan Lepas,Penang,Freehold,620000.0,13,1313.5593220338983,7.18125677212381,2.6390573296152584,0,0,0,1,0,0,0,0,0
Sri Anggerik 1,Puchong,Selangor,Freehold,320000.0,13,786.2407862407863,6.668534156185476,2.6390573296152584,1,0,0,0,0,0,0,0,0
Jentayu Residensi @ Tampoi,Johor Bahru,Johor,Freehold,370000.0,13,991.9571045576407,6.90068746528497,2.6390573296152584,0,0,0,0,0,0,1,0,0
Casa Ria Apartment,Rawang,Selangor,Freehold,210000.0,13,798.4790874524715,6.6839603748993515,2.6390573296152584,1,0,0,0,0,0,0,0,0
Pangsapuri Permai Puteri,Ampang,Selangor,Leasehold,320000.0,13,860.2150537634409,6.758344245322852,2.6390573296152584,1,0,0,0,0,0,0,0,0
Pandan Mewah,Ampang,Selangor,Leasehold,190000.0,13,763.0522088353414,6.638636123003623,2.6390573296152584,0,0,0,0,1,0,0,0,0
Casa Idaman,Sentul,Kuala Lumpur,Leasehold,400000.0,13,1015.2284263959391,6.923853431998007,2.6390573296152584,0,0,0,1,0,0,0,0,0
Taman Saujana Puchong,Puchong,Selangor,Leasehold,105000.0,13,714.2857142857143,6.572682063274631,2.6390573296152584,0,0,0,0,1,0,0,0,0
Pelangi Damansara 1,Bandar Utama,Selangor,Leasehold,460000.0,13,925.5533199195171,6.831471593901669,2.6390573296152584,1,0,0,0,0,0,0,0,0
Seri Riana Residence,Wangsa Maju,Kuala Lumpur,Leasehold,1000000.0,13,1712.3287671232877,7.4461934046744105,2.6390573296152584,0,0,0,1,0,0,0,0,0
Vista Magna,Kepong,Kuala Lumpur,Leasehold,285000.0,13,861.0271903323263,6.7592868134751765,2.6390573296152584,1,0,0,0,0,0,0,0,0
Anjung Hijau (Greenfields),Bukit Jalil,Kuala Lumpur,Freehold,425000.0,13,990.6759906759906,6.8993964316297625,2.6390573296152584,1,0,0,0,0,0,0,0,0
Taman Seri Sari (Sunshine Garden),Bukit Jambul,Penang,Freehold,260000.0,13,700.8086253369272,6.553660753379841,2.6390573296152584,1,0,0,0,0,0,0,0,0
Kiaraville,Mont Kiara,Kuala Lumpur,Freehold,1300000.0,13,1949.025487256372,7.575597721860259,2.6390573296152584,0,0,0,1,0,0,0,0,0
The Northshore Gardens,Desa Parkcity,Kuala Lumpur,Freehold,1835000.0,13,1933.6143308746048,7.567663273389058,2.6390573296152584,0,0,0,1,0,0,0,0,0
Beverly Hills 1,Kota Kinabalu,Sabah,Leasehold,265000.0,13,752.8409090909091,6.625181349844539,2.6390573296152584,1,0,0,0,0,0,0,0,0
Bandar Sultan Suleiman,Port Klang,Selangor,Leasehold,155000.0,13,763.5467980295566,6.639283237399555,2.6390573296152584,0,0,0,0,1,0,0,0,0
Mont Kiara Pines,Mont Kiara,Kuala Lumpur,Freehold,695000.0,13,1291.82156133829,7.164582365643139,2.6390573296152584,0,0,0,1,0,0,0,0,0
Ketumbar Heights,Cheras,Kuala Lumpur,Freehold,298000.0,13,866.2790697674419,6.765360804766263,2.6390573296152584,0,0,0,1,0,0,0,0,0
Seasons Amara Larkin,Johor Bahru,Johor,Leasehold,400000.0,13,995.0248756218906,6.903772232796702,2.6390573296152584,0,0,0,0,0,0,1,0,0
Limau Manis,Bukit Mertajam,Penang,Freehold,150000.0,13,678.7330316742082,6.521700120603302,2.6390573296152584,0,0,0,0,1,0,0,0,0
Taman Desa Rakyat Perdana,Pasir Gudang,Johor,Leasehold,130000.0,13,710.3825136612022,6.56721027903402,2.6390573296152584,0,0,0,0,1,0,0,0,0
Jazz Suites @ Vivacity,Kuching,Sarawak,Leasehold,650000.0,13,1004.6367851622874,6.9133762369195315,2.6390573296152584,0,0,0,1,0,0,0,0,0
Taman Intan Baiduri,Batu Caves,Kuala Lumpur,Leasehold,130000.0,13,710.3825136612022,6.56721027903402,2.6390573296152584,0,0,0,0,1,0,0,0,0
Iconic Skies,Sungai Ara,Penang,Freehold,830700.0,13,1368.5337726523887,7.222225648970361,2.6390573296152584,0,0,0,1,0,0,0,0,0
Lok Kawi Heights,Papar,Sabah,Leasehold,210000.0,13,780.6691449814126,6.661431562759158,2.6390573296152584,1,0,0,0,0,0,0,0,0
Idaman Iris,Sungai Ara,Penang,Freehold,400000.0,13,883.0022075055188,6.784459559812714,2.6390573296152584,1,0,0,0,0,0,0,0,0
Arena Green,Bukit Jalil,Kuala Lumpur,Freehold,270000.0,13,737.7049180327868,6.604898542198717,2.6390573296152584,1,0,0,0,0,0,0,0,0
Amazing Heights,Klang,Selangor,Freehold,280000.0,13,891.71974522293,6.79427269648325,2.6390573296152584,1,0,0,0,0,0,0,0,0
Taman Semarak II,Nilai,Negeri Sembilan,Freehold,120000.0,13,677.9661016949152,6.520571202446354,2.6390573296152584,0,0,0,0,1,0,0,0,0
Plaza @ Kelana Jaya,Petaling Jaya,Selangor,Freehold,380000.0,13,451.84304399524376,6.115545584197836,2.6390573296152584,0,0,0,0,0,0,1,0,0
Fair View Apartment,Permas Jaya,Johor,Freehold,360000.0,13,1052.6315789473683,6.959998122405276,2.6390573296152584,1,0,0,0,0,0,0,0,0
Flat PKNS Section 7,Shah Alam,Selangor,Leasehold,230000.0,13,696.969696969697,6.548175687736425,2.6390573296152584,0,0,0,0,1,0,0,0,0
Pandora @ Tropicana Metropark,Subang Jaya,Selangor,Freehold,510000.0,13,838.8157894736842,6.733182569542369,2.6390573296152584,0,0,0,0,0,0,1,0,0
Taman Impian Emas,Tebrau,Johor,Freehold,53000.0,13,688.3116883116883,6.535693546532533,2.6390573296152584,0,0,0,0,1,0,0,0,0
Tanjung Court,Ayer Itam,Penang,Leasehold,310000.0,13,786.8020304568528,6.669246827909535,2.6390573296152584,1,0,0,0,0,0,0,0,0
Bukit OUG Condominiums,Bukit Jalil,Kuala Lumpur,Freehold,320000.0,13,1240.3100775193798,7.123922615009353,2.6390573296152584,0,0,0,1,0,0,0,0,0
BANDAR BARU TAMBUN(TAMBUN PERMAI),Tambun,Perak,Leasehold,427500.0,12,1565.934065934066,7.356876164849247,2.5649493574615367,0,0,0,0,0,0,0,1,0
TAMAN RIMBA EMAS,Mentakab,Pahang,Freehold,397900.0,12,2862.589928057554,7.95983133628493,2.5649493574615367,0,0,0,0,0,1,0,1,0
TAMAN SEMARAK MEGAH,Tawau,Sabah,Leasehold,365000.0,12,1460.0,7.2868764117507,2.5649493574615367,0,0,0,0,0,0,0,1,0
BANDAR AMANJAYA (ZON SEROJA),Sungai Petani,Kedah,Freehold,220000.0,12,1222.2222222222222,7.109243821734184,2.5649493574615367,0,0,0,0,0,0,0,1,0
TAMAN NAKHODA,Telok Panglima Garang,Selangor,Freehold,455000.0,12,1404.320987654321,7.2480210166385435,2.5649493574615367,0,0,0,0,0,0,0,1,0
SS26 TAMAN MAYANG JAYA,Petaling Jaya,Selangor,Freehold,825000.0,12,1352.4590163934427,7.210418828871824,2.5649493574615367,0,0,0,0,0,0,0,1,0
SS20 DAMANSARA UTAMA,Petaling Jaya,Selangor,Freehold,1190000.0,12,1732.1688500727803,7.45770671720989,2.5649493574615367,0,0,0,0,0,0,0,1,0
SS15,Subang Jaya,Selangor,Freehold,922500.0,12,1815.9448818897638,7.504911733257895,2.5649493574615367,0,0,0,0,0,0,0,1,0
TAMAN KINDING FLORA,Ipoh,Perak,Leasehold,252500.0,12,1315.1041666666667,7.182431262754776,2.5649493574615367,0,0,1,0,0,0,0,0,0
DATO' AHMAD SAID,Ipoh,Perak,Freehold,309550.0,12,1453.2863849765258,7.282270602231381,2.5649493574615367,0,0,0,0,0,0,0,1,0
TAMAN HUI SING,Kuching,Sarawak,Leasehold,722500.0,12,2844.488188976378,7.953489927261898,2.5649493574615367,0,0,0,0,0,0,0,1,0
TAMAN KLEBANG EHSAN,Ipoh,Perak,Leasehold,328800.0,12,2267.5862068965516,7.726912100099649,2.5649493574615367,0,1,0,0,0,1,0,0,0
DESA BUKIT BERLIAN,Kapar,Selangor,Leasehold,446635.0,12,1642.0404411764705,7.404303731962262,2.5649493574615367,0,0,0,0,0,1,0,1,0
TAMAN PANDAMARAN PERMAI/KOTA PENDAMAR,Klang,Selangor,Freehold,420000.0,12,1346.1538461538462,7.205749383811128,2.5649493574615367,0,0,0,0,0,0,0,1,0
TAMAN AMANSARA (AMANSARA SOUTH),Kepala Batas,Penang,Freehold,481287.0,12,1795.847014925373,7.493788749562033,2.5649493574615367,0,0,0,0,0,0,0,1,0
TAMAN DESA ANGGERIK (PUTRA NILAI),Nilai,Negeri Sembilan,Freehold,345000.0,12,1787.5647668393783,7.489168770981268,2.5649493574615367,0,0,0,0,0,0,0,1,0
RAINTREE PARK2,Sungai Bakap,Penang,Freehold,526500.0,12,1640.1869158878505,7.4031749882524664,2.5649493574615367,0,0,0,0,0,1,0,1,1
1 TANJUNG,Ipoh,Perak,Freehold,298880.0,12,1540.618556701031,7.340588154327288,2.5649493574615367,0,0,0,0,0,0,0,1,0
"TAMAN BUKIT MUTIARA, MK. LABIS",Labis,Johor,Freehold,344000.0,12,1686.2745098039215,7.4308697899983285,2.5649493574615367,0,0,0,0,0,0,0,1,0
GEBENG RESIDENCE (P/L PT 25173),Sungai Karang,Pahang,Leasehold,238000.0,12,1408.284023668639,7.250837069773767,2.5649493574615367,0,0,0,0,0,0,0,1,0
MEDAN LAPANGAN CYBER,Ipoh,Perak,Leasehold,434500.0,12,1652.0912547528517,7.41040230183437,2.5649493574615367,0,0,0,0,0,0,0,1,1
T'LAGENDA@PERAMU (P/L 23051),Pekan,Pahang,Freehold and Leasehold,288000.0,12,1565.2173913043478,7.356418686395365,2.5649493574615367,0,0,0,0,0,0,0,1,0
TAMAN ALAMANDA,Kuala Kangsar,Perak,Freehold,269800.0,12,1329.064039408867,7.1929823699881075,2.5649493574615367,0,0,0,0,0,0,0,1,0
TAMAN SRI ANDALAS (P/L 1014),Klang,Selangor,Freehold,620000.0,12,1203.883495145631,7.094138156724058,2.5649493574615367,0,0,0,0,0,0,0,1,0
"LOT 5330, GURNEY",Sitiawan,Perak,Freehold,628000.0,12,2990.4761904761904,8.00352225373981,2.5649493574615367,0,0,0,0,0,1,0,0,0
TAMAN PGBF FELDA PASOH 1,Simpang Pertang,Negeri Sembilan,Leasehold,90000.0,12,1406.25,7.249392724344136,2.5649493574615367,0,0,0,0,0,0,0,1,0
TAMAN SERI DAGANG 1,Banting,Selangor,Freehold,390900.0,12,1431.868131868132,7.267433401171052,2.5649493574615367,0,0,0,0,0,0,0,1,0
TAMAN BAYU PELANGI,Sungai Lalang,Kedah,Freehold,269800.0,12,1435.1063829787233,7.269690829718434,2.5649493574615367,0,0,0,0,0,1,0,1,0
VISTA IXORA,Ipoh,Perak,Leasehold,398380.0,12,1345.8783783783783,7.205544881597739,2.5649493574615367,0,0,0,0,0,0,0,1,0
LAMAN PERMATA,Tebrau,Johor,Freehold,788800.0,12,1401.0657193605684,7.245701941931415,2.5649493574615367,0,0,0,0,0,0,0,1,0
LEX LIVING,Ipoh,Perak,Freehold,568880.0,12,1761.2383900928792,7.474340092516454,2.5649493574615367,0,0,0,0,0,0,0,1,0
TAMAN DESA TEKKAH SENTOSA,Taiping,Perak,Leasehold,468800.0,12,1277.384196185286,7.1533522127526235,2.5649493574615367,0,0,0,0,0,0,0,1,0
TAMAN MANGGIS JAYA,Banting,Selangor,Freehold,442500.0,12,1638.888888888889,7.402383767845556,2.5649493574615367,0,0,0,0,0,1,0,1,0
TAMAN PENAGA,Penaga,Penang,Freehold,237500.0,12,1164.2156862745098,7.060661487296852,2.5649493574615367,0,0,0,0,0,1,0,1,0
BANDAR BARU SUNGAI UDANG,Sungai Udang,Melaka,Leasehold,310000.0,12,1606.217616580311,7.382259774478676,2.5649493574615367,0,0,0,0,0,0,0,1,0
TAMAN SRI RAMPAI,Wangsa Maju,Kuala Lumpur,Freehold,505000.0,12,892.226148409894,6.7948397945149885,2.5649493574615367,0,0,0,0,0,0,0,1,0
R.P.R RANGAU,Limbang,Sarawak,Freehold,80000.0,12,1081.081081081081,6.986641392902984,2.5649493574615367,0,0,0,0,0,0,0,1,0
DESA ARA,Sungai Ara,Penang,Freehold,815000.0,12,1683.8842975206612,7.429452174268988,2.5649493574615367,0,0,0,0,0,0,0,1,0
TAMAN BERSATU (GELONG),Jitra,Kedah,Freehold,200000.0,12,1081.081081081081,6.986641392902984,2.5649493574615367,0,0,0,0,0,0,0,1,0
TAMAN SONG CHOON,Ipoh,Perak,Leasehold,237500.0,12,1250.0,7.1316985104669115,2.5649493574615367,0,0,0,0,0,0,0,1,0
TAMAN MUTIARA GADING (TR 277),Batu Pahat,Johor,Freehold,495805.0,12,1400.5790960451977,7.245354805719592,2.5649493574615367,0,0,0,0,0,0,0,1,0
MERLIN GARDEN,Kota Samarahan,Sarawak,Leasehold,571500.0,12,2173.0038022813687,7.684325816659095,2.5649493574615367,0,0,0,0,0,0,0,1,0
TAMAN PLENTONG BARU,Masai,Johor,Freehold,295000.0,12,865.1026392961877,6.764003422666598,2.5649493574615367,0,0,0,0,0,0,0,1,0
TAMAN KLEBANG BAYU,Ipoh,Perak,Freehold,380400.0,12,1661.1353711790393,7.415858422868038,2.5649493574615367,0,0,0,0,0,0,0,1,0
TAMAN KERUING,Batang Kali,Selangor,Leasehold,300000.0,12,1515.1515151515152,7.323930505239588,2.5649493574615367,0,0,0,0,0,0,0,1,0
TAMAN KHAZANAH INDAH,Lahad Datu,Sabah,Leasehold,250000.0,12,1644.7368421052631,7.405943491240992,2.5649493574615367,0,0,0,0,0,0,0,1,0
TAMAN SETIA RESIDEN,Sitiawan,Perak,Freehold,499000.0,12,1988.0478087649403,7.5954113151487785,2.5649493574615367,0,0,0,0,0,1,0,1,0
TAMAN RIA FASA 1,Padang Serai,Kedah,Freehold,262500.0,12,1442.3076923076924,7.274692767025838,2.5649493574615367,0,0,0,0,0,0,0,1,0
SUNGAI ISAP DAMAI,Kuantan,Pahang,Leasehold,260000.0,12,4000.0,8.294299608857235,2.5649493574615367,0,1,0,0,0,1,0,0,0
TAMAN ISKANDAR,Johor Bahru,Johor,Freehold,744000.0,12,2894.941634241245,7.971065599380292,2.5649493574615367,0,1,0,0,0,1,0,1,0
ALAMANDA PARKLAND,Serendah,Selangor,Freehold,475000.0,12,1196.4735516372796,7.08796924272574,2.5649493574615367,0,0,0,0,0,0,0,1,0
HORIZON RESIDENCE @ BUKIT INDAH,Iskandar Puteri (Nusajaya),Johor,Freehold,850000.0,12,1884.70066518847,7.542054736486948,2.5649493574615367,0,0,0,0,0,0,0,1,0
PER.SRI. MAHKOTA JAYA (T.WIRA JAYA),Kuantan,Pahang,Freehold,160000.0,12,698.6899563318777,6.55063731739969,2.5649493574615367,0,0,0,0,0,0,0,1,0
TAMAN VISTA JAYA,Port Dickson,Negeri Sembilan,Leasehold,175000.0,12,1250.0,7.1316985104669115,2.5649493574615367,0,0,0,0,0,0,0,1,0
TAMAN MANJUNG POINT SEKSYEN 2(PL 12194),Lumut,Perak,Freehold,300000.0,12,1260.5042016806722,7.140060098777644,2.5649493574615367,0,0,0,0,0,1,0,1,0
KB JINJANG UTARA,Jinjang,Kuala Lumpur,Leasehold,675000.0,12,3260.8695652173915,8.090055796243353,2.5649493574615367,0,1,0,0,0,1,0,0,0
"TAMAN LEKIR DAMAI, KAMPUNG KOH",Sitiawan,Perak,Freehold,279400.0,12,1569.6629213483145,7.359253052119923,2.5649493574615367,0,0,0,0,0,0,0,1,0
TAMAN KASAWARI,Durian Tunggal,Melaka,Freehold,413000.0,12,1692.622950819672,7.434625271228405,2.5649493574615367,0,0,0,0,0,0,0,1,1
TAMAN SRI JAYA (SUNGAI PELIK),Sepang,Selangor,Freehold,598000.0,12,1986.7109634551496,7.5947389860301575,2.5649493574615367,0,0,0,0,0,0,0,1,0
TAMAN SENDAYAN INDAH,Bandar Sri Sendayan,Negeri Sembilan,Freehold,271000.0,12,1441.4893617021276,7.274125623451855,2.5649493574615367,0,0,0,0,0,0,0,1,0
KAMPUNG MAK CHILI,Kemaman,Terengganu,Freehold,330000.0,12,2869.5652173913045,7.962264229221156,2.5649493574615367,0,1,0,0,0,1,0,0,0
DESA SEJIJAK,Kuching,Sarawak,Leasehold,176050.0,12,1060.5421686746988,6.96747800590745,2.5649493574615367,0,0,0,0,0,0,0,1,0
SHAH ALAM UTAMA,Shah Alam,Selangor,Leasehold,1073250.0,12,1916.517857142857,7.558786845919225,2.5649493574615367,0,0,0,0,0,0,0,1,0
TAMAN SRI BAHAGIA,Cheras,Selangor,Freehold,561000.0,12,1255.03355704698,7.135714064065333,2.5649493574615367,0,0,0,0,0,0,0,1,0
TAMAN MELAKA BARU,Batu Berendam,Melaka,Leasehold,300000.0,12,1485.148514851485,7.303943162983285,2.5649493574615367,0,0,0,0,0,0,0,1,0
TAMAN MERDEKA FASA 1D,Batu Berendam,Melaka,Leasehold,275000.0,12,1185.344827586207,7.078632285684896,2.5649493574615367,0,0,0,0,0,0,0,1,0
TAMAN SINAR MENTARI,Bedong,Kedah,Freehold,235000.0,12,1577.1812080536913,7.364028328813972,2.5649493574615367,0,0,0,0,0,0,0,1,0
TAMAN DELIMA,Kluang,Johor,Freehold,360000.0,12,2352.9411764705883,7.763846298752938,2.5649493574615367,0,1,0,0,0,1,0,1,0
BANDAR NUSAPUTRA,Puchong,Selangor,Freehold and Leasehold,635000.0,12,1829.971181556196,7.512601805367796,2.5649493574615367,0,0,0,0,0,0,0,1,0
"TAMAN SRI MAS, BIDOR",Bidor,Perak,Leasehold,300000.0,12,1546.3917525773195,7.344326052242884,2.5649493574615367,0,0,0,0,0,0,0,1,0
TAMAN MURNI,Batu Pahat,Johor,Freehold,327500.0,12,1405.5793991416308,7.248916077912572,2.5649493574615367,0,0,0,0,0,0,0,1,0
TAMAN SRI CENDEKIA (TAMAN CONNAUGHT),Cheras,Kuala Lumpur,Leasehold,705000.0,12,1905.4054054054054,7.552974761179907,2.5649493574615367,0,0,0,0,0,0,0,1,0
TAMAN DESA PAKATAN,Ipoh,Perak,Leasehold,188500.0,12,872.6851851851852,6.772720110750977,2.5649493574615367,0,0,0,0,0,0,0,1,0
TAMAN TELUK GEDUNG INDAH,Klang,Selangor,Leasehold,382500.0,12,1337.4125874125873,7.19923955444951,2.5649493574615367,0,0,0,0,0,0,0,1,0
TAMAN SRI SERDANG,Kepala Batas,Penang,Freehold,425000.0,12,1800.8474576271187,7.496567782879864,2.5649493574615367,0,1,0,0,0,0,0,1,0
TAMAN GARING UTAMA,Rawang,Selangor,Leasehold,350000.0,12,1411.2903225806451,7.252968007810973,2.5649493574615367,0,0,0,0,0,0,0,1,0
TAMAN SRI JAYA,Batu Pahat,Johor,Freehold,301500.0,12,1500.0,7.313886831633462,2.5649493574615367,0,0,0,0,0,0,0,1,0
TAMAN BUKIT,Bukit Mertajam,Penang,Freehold,620000.0,12,2500.0,7.824445930877619,2.5649493574615367,0,0,0,0,0,1,0,0,0
TAMAN SERI IMPIAN,Bukit Mertajam,Penang,Freehold,589000.0,12,1454.320987654321,7.2829817653464675,2.5649493574615367,0,0,0,0,0,0,0,1,0
TAMAN BUKIT PANCHOR,Nibong Tebal,Penang,Freehold,374160.0,12,1251.371237458194,7.132794023249687,2.5649493574615367,0,0,0,0,0,0,0,1,0
TABUAN LARU,Kuching,Sarawak,Freehold and Leasehold,509444.0,12,2037.776,7.62010490676623,2.5649493574615367,0,0,0,0,0,1,0,1,0
TAMAN CEMPAKA INDAH (PEC LOT 8029),Triang,Pahang,Freehold,288000.0,12,2071.9424460431655,7.636724348443593,2.5649493574615367,0,0,0,0,0,0,0,1,0
TAMAN KOPERASI MUHIBBAH,Kluang,Johor,Freehold,180000.0,12,989.010989010989,6.897716043078131,2.5649493574615367,0,0,0,0,0,0,0,1,0
TAMAN MERU MAKMUR,Kapar,Selangor,Freehold,543000.0,12,2340.5172413793102,7.758554391987181,2.5649493574615367,0,0,0,0,0,1,0,1,0
ECO SANCTUARY,Tanjong Duabelas,Selangor,Leasehold,2161500.0,12,3663.5593220338983,8.206463367537209,2.5649493574615367,0,1,0,0,0,1,0,1,0
TAMAN BUKIT EMAS,Sungei Petai,Melaka,Freehold,252500.0,12,1578.125,7.364626175150201,2.5649493574615367,0,0,0,0,0,0,0,1,0
TAMAN BUKIT SERINDIT,Melaka City,Melaka,Freehold,392500.0,12,1792.2374429223744,7.491777892568741,2.5649493574615367,0,1,0,0,0,1,0,0,0
TAMAN RASAH JAYA I,Rasah,Negeri Sembilan,Freehold,300000.0,12,1485.148514851485,7.303943162983285,2.5649493574615367,0,0,0,0,0,0,0,1,0
TAMAN AMPANGAN,Paroi,Negeri Sembilan,Freehold,230000.0,12,1586.2068965517242,7.369731081626841,2.5649493574615367,0,0,0,0,0,1,0,1,0
TAMAN ARKID,Menglembu,Perak,Leasehold,250000.0,12,1046.0251046025105,6.953708188235905,2.5649493574615367,0,0,0,0,0,0,0,1,0
TAMAN DESA,Kluang,Johor,Freehold,215000.0,12,1287.4251497005987,7.161175937369446,2.5649493574615367,0,0,0,0,0,1,0,1,0
BANDAR BARU WANGSA MAJU,Wangsa Maju,Kuala Lumpur,Leasehold,840000.0,12,1962.6168224299065,7.582543369284044,2.5649493574615367,0,0,0,0,0,0,0,1,0
TAMAN PUTERI GUNUNG,Simpang Ampat,Penang,Freehold,275000.0,12,1255.7077625570776,7.1362506935393,2.5649493574615367,0,0,0,0,0,0,0,1,0
TAMAN SRI BAKRI III,Muar,Johor,Freehold,394000.0,12,1621.3991769547324,7.391661306095658,2.5649493574615367,0,0,0,0,0,0,0,1,0
NUSAVILLA,Iskandar Puteri (Nusajaya),Johor,Freehold,500000.0,12,1562.5,7.354682176897896,2.5649493574615367,0,0,0,0,0,0,0,0,1
TAMAN PENAGA PERMAI,Penaga,Penang,Freehold,350000.0,12,1428.5714285714287,7.265129978035143,2.5649493574615367,0,0,0,0,0,1,0,1,1
TAMAN PUTRA,Ampang,Selangor,Leasehold,420000.0,12,828.4023668639053,6.7207054015143886,2.5649493574615367,0,0,0,0,0,1,0,1,0
TAMAN BUKIT PASIR,Batu Pahat,Johor,Freehold,300000.0,12,1538.4615384615386,7.339187983916088,2.5649493574615367,0,0,0,0,0,0,0,1,0
NADA 3 @ NADA ALAM,Mantin,Negeri Sembilan,Freehold,960000.0,12,2068.9655172413795,7.635287227783166,2.5649493574615367,0,0,0,0,0,0,0,1,0
TAMAN BERTEK,Klang,Selangor,Freehold,866000.0,12,2460.2272727272725,7.808415395874042,2.5649493574615367,0,0,0,0,0,0,0,1,0
TAMAN BUKIT KAYA,Bukit Kepayang,Negeri Sembilan,Freehold,300000.0,12,1986.7549668874171,7.5947611235270145,2.5649493574615367,0,0,0,0,0,0,0,1,0
TAMAN KOPERASI CUEPACS,Cheras,Selangor,Freehold,390000.0,12,1037.2340425531916,6.945276512831653,2.5649493574615367,0,0,0,0,0,0,0,1,0
SEKSYEN 21-28 BANDAR KLANG,Klang,Selangor,Freehold,625000.0,12,1801.1527377521613,7.496737194705182,2.5649493574615367,0,0,0,0,0,1,0,1,0
TAMAN TELUK VILLA,Penampang,Sabah,Leasehold,432500.0,12,1689.453125,7.432751893280802,2.5649493574615367,0,0,0,0,0,0,0,1,0
TAMAN SEJATI INDAH FASA 3B,Sungai Petani,Kedah,Freehold,265000.0,12,1299.0196078431372,7.170134626292141,2.5649493574615367,0,0,0,0,0,0,0,1,0
TAMAN TAN SRI YAACOB,Skudai,Johor,Freehold,400000.0,12,808.0808080808081,6.695898798449423,2.5649493574615367,0,0,0,0,0,0,0,1,0
TAMAN ASA JAYA,Kajang,Selangor,Freehold,485000.0,12,1246.7866323907456,7.129126566677121,2.5649493574615367,0,0,0,0,0,0,0,1,0
TAMAN JUMBO,Penampang,Sabah,Leasehold,350000.0,12,897.4358974358975,6.800655359700657,2.5649493574615367,0,0,0,0,0,0,0,1,0
TAMAN SERI JAROMAS,Jenjarom,Selangor,Freehold,790000.0,12,2904.4117647058824,7.974330402685725,2.5649493574615367,0,0,0,0,0,1,0,1,0
SRI AWANA,Skudai,Johor,Freehold,280000.0,12,1021.8978102189781,6.930394868702999,2.5649493574615367,0,0,0,0,0,0,0,0,1
Desa Baiduri,Ayer Itam,Penang,Leasehold,190000.0,12,614.8867313915857,6.423063069014897,2.5649493574615367,0,0,0,0,1,0,0,0,0
Crystal Creek Resort,Taiping,Perak,Freehold,300000.0,12,1363.6363636363637,7.218643271861805,2.5649493574615367,0,0,0,1,0,0,0,0,0
Taman Sri Cahaya,Kuching,Sarawak,Leasehold,65500.0,12,471.2230215827338,6.1574513773442465,2.5649493574615367,1,0,0,0,1,0,0,0,0
Apartment Seri Teluki,Hulu Selangor,Selangor,Freehold,150000.0,12,781.25,6.662174382548992,2.5649493574615367,0,0,0,0,1,0,0,0,0
Mont Kiara Aman,Mont Kiara,Kuala Lumpur,Freehold,1475000.0,12,2269.230769230769,7.727636765762458,2.5649493574615367,0,0,0,1,0,0,0,0,0
Platinum Lake PV 12,Setapak,Kuala Lumpur,Leasehold,475000.0,12,1246.719160104987,7.1290724916387225,2.5649493574615367,0,0,0,1,0,0,0,0,0
Idaman Lavender 3,Sungai Ara,Penang,Freehold,340000.0,12,752.212389380531,6.624347245639391,2.5649493574615367,1,0,0,0,0,0,0,0,0
Paradiso Nuova (Merak Kayangan),Iskandar Puteri (Nusajaya),Johor,Freehold,708000.0,12,1459.7938144329896,7.286735275462209,2.5649493574615367,0,0,0,1,0,0,0,0,0
Green Avenue Condominium,Bukit Jalil,Kuala Lumpur,Freehold,452500.0,12,1074.8218527315914,6.980840162638591,2.5649493574615367,0,0,0,1,0,0,0,0,0
Azuria Condominium,Tanjung Bungah,Penang,Freehold,289000.0,12,689.7374701670644,6.537759824177642,2.5649493574615367,0,0,0,1,0,0,0,0,0
Mutiara Magna,Kepong,Kuala Lumpur,Leasehold,220000.0,12,674.8466257668712,6.515966165340428,2.5649493574615367,0,0,0,0,1,0,0,0,0
Seroja,Setia Alam,Selangor,Freehold,200000.0,12,666.6666666666666,6.503789046997708,2.5649493574615367,0,0,0,0,1,0,0,0,0
Pandan Residence,Tebrau,Johor,Leasehold,390000.0,12,921.9858156028369,6.827613866673865,2.5649493574615367,0,0,0,0,0,0,1,0,0
Parkview Towers,Bukit Jambul,Penang,Leasehold,370000.0,12,1027.7777777777778,6.936126753111828,2.5649493574615367,1,0,0,0,0,0,0,0,0
Suria Kinrara,Bandar Kinrara,Selangor,Leasehold,181500.0,12,711.7647058823529,6.569151360175306,2.5649493574615367,0,0,0,0,0,0,1,0,0
28 Boulevard,Ampang,Selangor,Leasehold,335000.0,12,496.2962962962963,6.209186018068379,2.5649493574615367,0,0,0,0,0,0,1,0,0
Bayu Tasik 1,Cheras,Kuala Lumpur,Leasehold,380000.0,12,904.7619047619048,6.808776473229418,2.5649493574615367,0,0,0,1,0,0,0,0,0
Taman Pandan Cahaya,Ampang,Selangor,Leasehold,170000.0,12,618.1818181818181,6.428398958442948,2.5649493574615367,0,0,0,0,1,0,0,0,0
Palm Court Condominium,Brickfields,Kuala Lumpur,Leasehold,367500.0,12,947.1649484536083,6.854528483378509,2.5649493574615367,0,0,0,1,0,0,0,0,0
Prestige III,Balik Pulau,Penang,Freehold,192500.0,12,645.9731543624162,6.47230480115539,2.5649493574615367,1,0,0,0,0,0,0,0,0
Taman Larkin Idaman Plot C,Johor Bahru,Johor,Leasehold,265000.0,12,860.3896103896104,6.7585469112396455,2.5649493574615367,1,0,0,0,0,0,0,0,0
The Vyne,Sungai Besi,Kuala Lumpur,Leasehold,467500.0,12,865.7407407407408,6.764739901774575,2.5649493574615367,0,0,0,1,0,0,0,0,0
Sierra East,Relau,Penang,Freehold,786500.0,12,1389.5759717314488,7.237473308450085,2.5649493574615367,0,0,0,1,0,0,0,0,0
Menara Orkid,Sentul,Kuala Lumpur,Leasehold,295000.0,12,850.1440922190202,6.74658143529661,2.5649493574615367,1,0,0,0,0,0,0,0,0
Pangsapuri Pelangi,Georgetown,Penang,Leasehold,245000.0,12,704.0229885057471,6.558230410090216,2.5649493574615367,0,0,0,0,1,0,0,0,0
Riana Green Condominium,Tropicana,Selangor,Leasehold,495000.0,12,1112.3595505617977,7.015137345434177,2.5649493574615367,0,0,0,1,0,0,0,0,0
Taman Sri Harmoni,Kuching,Sarawak,Leasehold,66000.0,12,496.2406015037594,6.209074016607763,2.5649493574615367,0,0,0,0,1,0,0,0,0
Subang Avenue,Subang Jaya,Selangor,Freehold,470000.0,12,1000.0,6.90875477931522,2.5649493574615367,0,0,0,0,0,0,1,0,0
M City,Ampang,Kuala Lumpur,Freehold,530000.0,12,886.2876254180602,6.788169197410287,2.5649493574615367,0,0,0,0,0,0,1,0,0
D'Inspire Residence (Inspira Bestari),Iskandar Puteri (Nusajaya),Johor,Freehold,446150.0,12,1020.9382151029748,6.929456314046722,2.5649493574615367,0,0,0,0,0,0,1,0,0
Centrio Avenue,Gelugor,Penang,Freehold,330000.0,12,683.2298136645962,6.528293846082027,2.5649493574615367,1,0,0,0,0,0,0,0,0
Bukit Saujana,Ayer Itam,Penang,Freehold,220000.0,12,689.6551724137931,6.537640672314758,2.5649493574615367,0,0,0,0,1,0,0,0,0
Berjaya Times Square,Bukit Bintang,Kuala Lumpur,Freehold,499600.0,12,620.6211180124224,6.432330772112805,2.5649493574615367,0,0,0,0,0,0,1,0,0
Pelangi Indah Condominium,Jalan Kuching,Kuala Lumpur,Freehold,295000.0,12,1006.8259385665528,6.915550753726908,2.5649493574615367,0,0,0,1,0,0,0,0,0
Palmville Resort Condominium,Bandar Sunway,Selangor,Leasehold,692500.0,12,1476.545842217484,7.298137775680475,2.5649493574615367,0,0,0,1,0,0,0,0,0
SD Apartments II,Bandar Sri Damansara,Selangor,Freehold,340000.0,12,790.6976744186046,6.674179594720257,2.5649493574615367,1,0,0,0,0,0,0,0,0
The Ruma,Klcc,Kuala Lumpur,Freehold,1497050.0,12,957.8055022392834,6.865688241216358,2.5649493574615367,0,0,0,0,0,0,1,0,0
Greenview Residence,Bandar Sungai Long,Selangor,Freehold,650000.0,12,1356.9937369519832,7.2137636961433405,2.5649493574615367,0,0,0,1,0,0,0,0,0
The Regina,Subang Jaya,Selangor,Leasehold,545000.0,12,1221.9730941704036,7.109040135584504,2.5649493574615367,0,0,0,1,0,0,0,0,0
Taman Permata,Bukit Mertajam,Penang,Freehold,75000.0,12,551.4705882352941,6.314400198011661,2.5649493574615367,0,0,0,0,1,0,0,0,0
Beverly Hills 5,Kota Kinabalu,Sabah,Leasehold,185000.0,12,460.19900497512435,6.133829630923202,2.5649493574615367,1,0,0,0,0,0,0,0,0
Flat Danau Kota,Setapak,Kuala Lumpur,Leasehold,190000.0,12,701.1070110701107,6.5540858298302185,2.5649493574615367,0,0,0,0,1,0,0,0,0
Putra Damai,Putrajaya,Putrajaya,Freehold,250000.0,12,700.2801120448179,6.552907396442357,2.5649493574615367,0,0,0,0,1,0,0,0,0
Anggerik Apartment,Serendah,Selangor,Freehold,130000.0,12,702.7027027027027,6.55635596966813,2.5649493574615367,1,0,0,0,0,0,0,0,0
Cyber Heights Villa,Cyberjaya,Selangor,Freehold,364315.0,12,1282.7992957746478,7.157579160329972,2.5649493574615367,0,0,0,1,0,0,0,0,0
Straits Quay (The Suites at Waterside),Tanjong Tokong,Penang,Freehold,1130000.0,12,1327.8495887191539,7.19206887602477,2.5649493574615367,0,0,0,0,0,0,1,0,0
Wisma 2020,Muar,Johor,Freehold,155000.0,12,704.5454545454545,6.558971198055768,2.5649493574615367,1,0,0,0,0,0,0,0,0
Karisma @ Eco Majestic,Semenyih,Selangor,Freehold,262500.0,12,797.8723404255319,6.683201158815202,2.5649493574615367,1,0,0,0,0,0,0,0,0
Sentul Utama Condominium,Sentul,Kuala Lumpur,Leasehold,342500.0,12,889.6103896103896,6.791907058674474,2.5649493574615367,0,0,0,1,0,0,0,0,0
D'carlton (Residensi Seri Mega),Masai,Johor,Freehold,410000.0,12,990.3381642512078,6.899055711491974,2.5649493574615367,0,0,0,0,0,0,1,0,0
Vista Indah Putra,Klang,Selangor,Freehold,330000.0,12,982.1428571428571,6.890754437302112,2.5649493574615367,1,0,0,0,0,0,0,0,0
Pangsapuri Cemara,Cheras,Kuala Lumpur,Leasehold,377500.0,12,737.3046875,6.604356595090068,2.5649493574615367,1,0,0,0,0,0,0,0,0
Pangsapuri Seri Inai,Serendah,Selangor,Freehold,132500.0,12,798.1927710843373,6.683602182103668,2.5649493574615367,0,0,0,0,1,0,0,0,0
Subang Perdana Goodyear Court 6,Subang Jaya,Selangor,Freehold,282500.0,12,818.8405797101449,6.709109906369627,2.5649493574615367,1,0,0,0,0,0,0,0,0
Tuaran Impian,Tuaran,Sabah,Leasehold,195000.0,12,833.3333333333334,6.7266330027636645,2.5649493574615367,1,0,0,0,0,0,0,0,0
KL Traders Square,Setapak,Kuala Lumpur,Freehold,500000.0,12,938.0863039399625,6.844907385463947,2.5649493574615367,0,0,0,0,0,0,1,0,0
Mesahill,Nilai,Negeri Sembilan,Freehold,260000.0,12,582.9596412556053,6.369831873001166,2.5649493574615367,0,0,0,0,0,0,1,0,0
The Peak Residences,Tanjong Tokong,Penang,Freehold,570000.0,12,1047.7941176470588,6.955396323782979,2.5649493574615367,0,0,0,1,0,0,0,0,0
Taman Telipok Ria Fasa 1 & Fasa 2,Tuaran,Sabah,Leasehold,160000.0,12,608.3650190114068,6.41241746255977,2.5649493574615367,1,0,0,0,0,0,0,0,0
TAMAN GAMELAN INDAH,Sungai Bakap,Penang,Freehold,408000.0,11,1545.4545454545455,7.343720199811212,2.4849066497880004,0,0,0,0,0,1,0,1,0
TAMAN MERU 2B (FASA I-IV),Ipoh,Perak,Leasehold,280000.0,11,1133.6032388663969,7.034038299521212,2.4849066497880004,0,0,0,0,0,0,0,1,0
TAMAN TASEK MUTIARA,Ipoh,Perak,Freehold,370000.0,11,1480.0,7.300472814267799,2.4849066497880004,0,0,0,0,0,0,0,1,0
SEMENYIH PARKLANDS,Beranang,Selangor,Freehold,465000.0,11,1302.5210084033613,7.172824350162254,2.4849066497880004,0,0,0,0,0,0,0,1,0
TAMAN MASTIARA,Batu Caves,Kuala Lumpur,Leasehold,590000.0,11,1006.8259385665528,6.915550753726908,2.4849066497880004,0,0,0,0,0,0,0,1,0
TAMAN PERWIRA,Simpang Ampat,Penang,Freehold,290000.0,11,1169.3548387096773,7.065062262759874,2.4849066497880004,0,0,0,0,0,0,0,1,0
GALENA VILLA @TAMAN BUKIT GALENA,Seremban,Negeri Sembilan,Freehold,568000.0,11,1430.7304785894207,7.266639116530706,2.4849066497880004,0,0,0,0,0,0,0,1,0
TAMAN GADONG UTAMA,Bertam,Melaka,Freehold and Leasehold,320000.0,11,1568.6274509803923,7.358593577814888,2.4849066497880004,0,0,0,0,0,1,0,1,0
BANDAR JAYA,Bintulu,Sarawak,Leasehold,500000.0,11,2000.0,7.601402334583733,2.4849066497880004,0,0,0,0,0,1,0,1,0
RESIDENSI VILLA MUTIARA,Sungai Bakap,Penang,Freehold,560000.0,11,1623.1884057971015,7.392763527414447,2.4849066497880004,0,0,0,0,0,1,0,1,0
TAMAN AIR PUTIH PERMAI (PL 30779),Taiping,Perak,Freehold,369900.0,11,2889.84375,7.969303693513206,2.4849066497880004,0,0,0,0,0,1,0,0,0
TAMAN SEREMBAN 3,Rasah,Negeri Sembilan,Freehold,390000.0,11,1688.3116883116884,7.432076439931378,2.4849066497880004,0,0,0,0,0,0,0,1,0
TAMAN PENGKALAN PRISMA,Batu Gajah,Perak,Leasehold,290000.0,11,1726.1904761904761,7.454251365168765,2.4849066497880004,0,0,0,0,0,0,0,1,0
TAMAN KIEN LEONG/KIM CHUAN,Klang,Selangor,Freehold,500000.0,11,1538.4615384615386,7.339187983916088,2.4849066497880004,0,0,0,0,0,0,0,1,0
TAMAN MOSEY HILL,Ipoh,Perak,Leasehold,399880.0,11,1895.1658767772512,7.547589166739852,2.4849066497880004,0,0,0,0,0,0,0,1,0
TAMAN KURAU MURNI (BATU KURAU),Batu Kurau,Perak,Freehold,318800.0,11,1801.129943502825,7.49672454628032,2.4849066497880004,0,0,1,0,0,0,0,1,0
GARDEN CITY HOMES @ SEREMBAN 2,Seremban 2,Negeri Sembilan,Freehold,755000.0,11,3199.1525423728813,8.070953757143188,2.4849066497880004,0,0,0,0,0,1,0,1,0
PARK AVENUE @ SEREMBAN 2,Seremban 2,Negeri Sembilan,Freehold,580000.0,11,2801.9323671497586,7.938421422136532,2.4849066497880004,0,1,0,0,0,1,0,1,0
TAMAN RAIA PERDANA,Gopeng,Perak,Leasehold,140000.0,11,1196.5811965811965,7.088059132064654,2.4849066497880004,0,0,0,0,0,0,0,1,0
TAMAN OREN,Butterworth,Penang,Freehold,1230800.0,11,1582.0051413881747,7.367080307752032,2.4849066497880004,0,0,0,0,0,0,0,1,0
TAMAN CEMPAKA PERDANA,Senawang,Negeri Sembilan,Leasehold,397083.0,11,1627.389344262295,7.395346672921768,2.4849066497880004,0,0,0,0,0,0,0,1,0
RENDANG EXORA (PEC LOT 24818),Pekan,Pahang,Freehold,260000.0,11,1397.8494623655913,7.243405365134247,2.4849066497880004,0,0,0,0,0,0,0,1,0
TAMAN PERMAI 2,Bukit Kepayang,Negeri Sembilan,Freehold,260000.0,11,1244.0191387559807,7.126906181275416,2.4849066497880004,0,0,0,0,0,0,0,1,0
TAMAN JENGKA SEJAHTERA (PT 29246),Chenor,Pahang,Leasehold,243750.0,11,1542.7215189873418,7.341951350967129,2.4849066497880004,0,0,0,0,0,0,0,1,0
TAMAN PERDANA (CASA PERDANA),Simpang Ampat,Penang,Freehold,575000.0,11,1537.433155080214,7.338519745706542,2.4849066497880004,0,0,0,0,0,1,0,1,0
TAMAN IMPIAN PUTRA,Port Dickson,Negeri Sembilan,Leasehold,375000.0,11,2167.6300578034684,7.6818509374065975,2.4849066497880004,0,0,0,0,0,1,0,1,0
TAMAN PENGKALAN SURIA,Ipoh,Perak,Leasehold,435240.0,11,2391.4285714285716,7.780064267679165,2.4849066497880004,0,0,1,0,0,1,0,0,0
"TAMAN PESONA, SUNGAI SEGAMAT",Segamat,Johor,Freehold,363500.0,11,1913.157894736842,7.5570330632482525,2.4849066497880004,0,0,0,0,0,0,0,1,0
TAMAN RIANG DIAWAN,Kampar,Perak,Leasehold,239800.0,11,1402.3391812865498,7.2466098051872,2.4849066497880004,0,0,0,0,0,0,0,1,0
RESIDENSI BUKIT ORKID,Ulu Langat,Selangor,Freehold,1150000.0,11,1513.157894736842,7.322614718346146,2.4849066497880004,0,0,0,0,0,1,0,1,0
T.VISTA @ BALOK PERMAI (P/L :15153),Sungai Karang,Pahang,Leasehold,340000.0,11,2537.313432835821,7.839255136644532,2.4849066497880004,0,0,0,0,0,0,0,1,0
TAMAN DESA ANUGERAH,Sepang,Selangor,Leasehold,381000.0,11,1400.735294117647,7.245466243860929,2.4849066497880004,0,0,0,0,0,0,0,1,0
TAMAN GAMELAN,Kuala Kedah,Kedah,Freehold,350260.0,11,2366.6216216216217,7.7696411950698625,2.4849066497880004,0,0,0,0,0,1,0,1,0
TAMAN SERAI MERBAU,Bagan Serai,Perak,Freehold,317800.0,11,1699.4652406417113,7.438657163568952,2.4849066497880004,0,0,0,0,0,1,0,1,0
TAMAN MATANG MURNI (PL 13411 - 13412),Simpang,Perak,Freehold,288000.0,11,1540.1069518716577,7.3402562371114035,2.4849066497880004,0,0,0,0,0,0,0,1,0
TAMAN SERI AMPANG,Ipoh,Perak,Leasehold,280000.0,11,1530.0546448087432,7.333712087253744,2.4849066497880004,0,0,0,0,0,0,0,1,0
TAMAN MAJU JASIN,Jasin,Melaka,Leasehold,220000.0,11,1527.7777777777778,7.332223857091597,2.4849066497880004,0,0,1,0,0,0,0,1,0
SUNWAY CITY,Tambun,Perak,Leasehold,608000.0,11,2068.0272108843537,7.634833829367302,2.4849066497880004,0,0,0,0,0,0,0,1,1
GLENMARIE COVE,Klang,Selangor,Freehold,1120000.0,11,3353.293413173653,8.11799642012325,2.4849066497880004,0,0,0,0,0,1,0,0,0
TAMAN GEMILANG,Kulai,Johor,Freehold,488000.0,11,1682.7586206896551,7.428783847645931,2.4849066497880004,0,0,0,0,0,0,0,1,0
TAMAN AMALINA LESTARI,Raub,Pahang,Leasehold,200000.0,11,1190.4761904761904,7.0829483135243585,2.4849066497880004,0,0,0,0,0,0,0,1,0
SANCTUARY GARDEN,Bukit Mertajam,Penang,Freehold,860000.0,11,2613.9817629179333,7.8690124024471455,2.4849066497880004,0,0,0,0,0,1,0,0,0
TAMAN PANDAN JAYA,Ampang,Selangor,Leasehold,530000.0,11,1060.0,6.966967138613983,2.4849066497880004,0,0,0,0,0,0,0,1,0
TAMAN MEGAH,Pontian,Johor,Freehold,366000.0,11,1564.1025641025642,7.355706636994626,2.4849066497880004,0,0,0,0,0,1,0,1,0
TAMAN ABADI HEIGHTS,Puchong,Selangor,Leasehold,756000.0,11,1405.2044609665427,7.248649482115699,2.4849066497880004,0,0,0,0,0,1,0,1,0
TAMAN WAWASAN / BANDAR BARU MERSING,Mersing,Johor,Freehold,260000.0,11,1214.9532710280373,7.103283633356831,2.4849066497880004,0,0,0,0,0,0,0,1,0
TAMAN SRI SETIA,Johor Bahru,Johor,Freehold,738000.0,11,2553.6332179930796,7.845663937731322,2.4849066497880004,0,0,0,0,0,1,0,1,0
SETIA INDAH 11,Setia Alam,Selangor,Freehold,700000.0,11,1380.670611439842,7.231048633980328,2.4849066497880004,0,0,0,0,0,0,0,1,0
TAMAN PARIT BAKAR INDAH-TR.149,Muar,Johor,Freehold,498000.0,11,1765.9574468085107,7.477014389861358,2.4849066497880004,0,0,0,0,0,0,0,1,0
TAMAN VILLA MUTIARA INDAH,Sungai Bakap,Penang,Freehold,670000.0,11,2723.5772357723577,7.910068552225618,2.4849066497880004,0,0,0,0,0,1,0,1,0
TAMAN SUTERA WANGI,Batu Berendam,Melaka,Leasehold,388000.0,11,1552.0,7.347943823148687,2.4849066497880004,0,0,0,0,0,0,0,1,0
TAMAN JATI,Batu Berendam,Melaka,Freehold and Leasehold,380000.0,11,1412.639405204461,7.253922796398275,2.4849066497880004,0,0,0,0,0,0,0,1,0
TAMAN SERI BAYU 2,Sungai Petani,Kedah,Freehold,175000.0,11,1129.032258064516,7.0300014582586785,2.4849066497880004,0,0,0,0,0,0,0,1,0
TAMAN REDANG,Masai,Johor,Freehold and Leasehold,780000.0,11,1984.7328244274809,7.593743306062506,2.4849066497880004,0,0,0,0,0,0,0,1,0
SEKSYEN 19 SHAH ALAM,Shah Alam,Selangor,Leasehold,450000.0,11,1401.8691588785048,7.246274817648525,2.4849066497880004,0,0,0,0,0,0,0,1,0
"TAMAN DESA UTAMA, SUNGAI MERAB",Dengkil,Selangor,Freehold,685000.0,11,1743.0025445292622,7.463938063486933,2.4849066497880004,0,0,0,0,0,0,0,1,0
TAMAN BATU GAJAH PERDANA,Batu Gajah,Perak,Leasehold,275000.0,11,1821.1920529801325,7.507795480047623,2.4849066497880004,0,0,0,0,0,0,0,1,0
TAMAN BACANG BARU,Bachang,Melaka,Leasehold,300000.0,11,1369.86301369863,7.223195757501439,2.4849066497880004,0,0,0,0,0,0,0,1,0
TAMAN IMPIAN EHSAN,Balakong,Selangor,Leasehold,330000.0,11,1024.8447204968943,6.9332716697320365,2.4849066497880004,0,0,0,0,0,0,0,1,0
TAMAN DUSUN SETIA,Seremban,Negeri Sembilan,Freehold,275000.0,11,1155.4621848739496,7.053120783232841,2.4849066497880004,0,0,0,0,0,0,0,1,0
HIJAYU 3B,Bandar Sri Sendayan,Negeri Sembilan,Freehold,580000.0,11,1877.022653721683,7.537974722380056,2.4849066497880004,0,0,0,0,0,0,0,1,0
E-RESIDENCE,Kuching,Sarawak,Leasehold,600000.0,11,2362.2047244094488,7.767773910932806,2.4849066497880004,0,0,0,0,0,0,0,1,0
TAMAN IMPIAN ALMA,Bukit Mertajam,Penang,Freehold,400000.0,11,1492.5373134328358,7.308902621229467,2.4849066497880004,0,0,0,0,0,0,0,1,0
PALM WALK,Bandar Sungai Long,Selangor,Freehold,748000.0,11,1472.4409448818897,7.295355723248973,2.4849066497880004,0,0,0,0,0,0,0,1,0
TAMAN SPPK,Ipoh,Perak,Leasehold,250000.0,11,1712.3287671232877,7.4461934046744105,2.4849066497880004,0,0,0,0,0,1,0,1,0
SEKSYEN 18,Petaling Jaya,Selangor,Freehold and Leasehold,695000.0,11,4290.123456790124,8.36430385567765,2.4849066497880004,0,1,0,0,0,0,0,1,0
TAMAN SRI NANDING,Ulu Langat,Selangor,Leasehold,280000.0,11,1120.0,7.02197642307216,2.4849066497880004,0,0,0,0,0,0,0,1,0
TAMAN RIMBA (PEC LOT 1135),Mentakab,Pahang,Freehold,137000.0,11,736.5591397849462,6.603346274537876,2.4849066497880004,0,0,0,0,0,0,0,1,0
TAMAN BUKIT RAMBAI (BARU),Bukit Rambai,Melaka,Freehold,280000.0,11,1538.4615384615386,7.339187983916088,2.4849066497880004,0,0,0,0,0,1,0,1,0
TAMAN SRI SEGAMBUT,Segambut,Kuala Lumpur,Leasehold,650000.0,11,1473.922902494331,7.296360997912454,2.4849066497880004,0,0,0,0,0,0,0,1,0
KAMPUNG TASIK TAMBAHAN,Ampang,Selangor,Leasehold,420000.0,11,1037.037037037037,6.9450867442424915,2.4849066497880004,0,0,0,0,0,0,0,1,0
TAMAN BERTAM INDAH,Kepala Batas,Penang,Freehold,310000.0,11,1441.860465116279,7.2743828563272235,2.4849066497880004,0,0,0,0,0,1,0,1,0
SUBANG 2,Sungai Buloh,Selangor,Leasehold,575000.0,11,1241.900647948164,7.125203159070956,2.4849066497880004,0,0,0,0,0,0,0,1,0
TAMAN SEKIAH MAKMUR,Ulu Bernam,Perak,Leasehold,260000.0,11,1452.513966480447,7.281739328814442,2.4849066497880004,0,0,0,0,0,0,0,1,0
RPR SUNGAI PLAN,Bintulu,Sarawak,Leasehold,270000.0,11,1377.5510204081634,7.2287882413191396,2.4849066497880004,0,0,0,0,0,0,0,1,0
TAMAN METRO PENGKALAN,Batu Gajah,Perak,Leasehold,260000.0,11,1397.8494623655913,7.243405365134247,2.4849066497880004,0,0,0,0,0,0,0,1,0
TAMAN BUKIT JURU,Juru,Penang,Freehold,625000.0,11,1666.6666666666667,7.419180722820095,2.4849066497880004,0,0,0,0,0,0,0,1,0
TAMAN KULIM TECHNOCITY FASA 3,Kulim,Kedah,Freehold,395000.0,11,1242.138364779874,7.125394400504593,2.4849066497880004,0,0,0,0,0,0,0,1,0
TAMAN PUTRA INDAH,Ipoh,Perak,Freehold,240000.0,11,1333.3333333333333,7.196187070324464,2.4849066497880004,0,0,0,0,0,0,0,1,0
BANDAR SERI BOTANI,Batu Gajah,Perak,Freehold,825510.0,11,2579.71875,7.85582322438931,2.4849066497880004,0,0,0,0,0,0,0,1,0
BANDAR PUNCAK SENA,Pokok Sena,Kedah,Freehold,326800.0,11,1223.9700374531835,7.110671663457805,2.4849066497880004,0,0,0,0,0,0,0,1,0
TAMAN SRI REMBAU,Rembau,Negeri Sembilan,Freehold,280000.0,11,2187.5,7.69097165663095,2.4849066497880004,0,0,0,0,0,1,0,1,0
TAMAN GUNUNG MAS,Tampin,Negeri Sembilan,Freehold,200000.0,11,1257.861635220126,7.137963127464829,2.4849066497880004,0,0,0,0,0,0,0,1,0
TAMAN AMAN PUTRI,Sungai Buloh,Selangor,Freehold,872000.0,11,1879.3103448275863,7.539192119236231,2.4849066497880004,0,0,0,0,0,0,0,1,0
TAMAN DATO CHELLAM,Ulu Tiram,Johor,Freehold,630000.0,11,1475.4098360655737,7.297368633329245,2.4849066497880004,0,0,0,0,0,0,0,1,0
MUTIARA DAMANSARA,Mutiara Damansara,Selangor,Freehold,1430000.0,11,1666.6666666666667,7.419180722820095,2.4849066497880004,0,1,0,0,0,0,0,1,0
TAMAN BIDARA PALMA,Sungei Baru Tengah,Melaka,Freehold,240000.0,11,2033.8983050847457,7.618201123696678,2.4849066497880004,0,0,0,0,0,0,0,1,0
TAMAN DAMAI IMPIAN 2,Kuala Lipis,Pahang,Freehold,289000.0,11,1430.6930693069307,7.2666129874709515,2.4849066497880004,0,0,0,0,0,0,0,1,0
TAMAN INDUSTRI SRI SULONG,Batu Pahat,Johor,Freehold,235000.0,11,2350.0,7.762596048540069,2.4849066497880004,0,0,0,0,0,1,0,1,0
TABUAN TRANQUILITY,Kuching,Sarawak,Freehold and Leasehold,730000.0,11,2016.5745856353592,7.609651368796745,2.4849066497880004,0,0,0,0,0,0,0,1,0
BUNGA RAYA,Bukit Baru,Melaka,Freehold and Leasehold,300000.0,11,1775.1479289940828,7.482202213435941,2.4849066497880004,0,0,0,0,0,0,0,1,0
TAMAN SRI ANGGERIK,Rantau,Negeri Sembilan,Freehold and Leasehold,190000.0,11,1557.377049180328,7.351400205611144,2.4849066497880004,0,0,0,0,0,0,0,1,0
TAMAN GADONG PERDANA,Bertam,Melaka,Freehold and Leasehold,300000.0,11,1449.2753623188405,7.279508722432415,2.4849066497880004,0,0,0,0,0,0,0,1,0
TAMAN BUNGA RAYA,Sungai Petani,Kedah,Freehold,230000.0,11,1755.7251908396947,7.4712066677808675,2.4849066497880004,0,0,0,0,0,1,0,1,0
TAMAN RIMBA (PEC LOT 3021),Mentakab,Pahang,Freehold,308000.0,11,1664.8648648648648,7.418099705910416,2.4849066497880004,0,0,0,0,0,0,0,1,0
TAMAN CEMPAKASARI,Kapar,Selangor,Leasehold,360000.0,11,1304.3478260869565,7.174224817643044,2.4849066497880004,0,0,0,0,0,0,0,1,0
TAMAN NIRWANA,Bukit Mertajam,Penang,Freehold,350000.0,11,1129.032258064516,7.0300014582586785,2.4849066497880004,0,0,0,0,0,0,0,1,0
TAMAN KLEBANG PUTRA,Chemor,Perak,Freehold,255000.0,11,1342.1052631578948,7.2027395725715575,2.4849066497880004,0,0,0,0,0,0,0,1,0
TAMAN SETIA JAYA,Batu Pahat,Johor,Freehold,380000.0,11,1623.931623931624,7.393221016298012,2.4849066497880004,0,0,0,0,0,0,0,1,0
TAMAN ERA,Simpang Rengam,Johor,Freehold,405900.0,11,1757.142857142857,7.472013336117024,2.4849066497880004,0,0,0,0,0,0,0,1,0
TAMAN CHERAS IDAMAN,Cheras,Selangor,Freehold and Leasehold,830000.0,11,1754.7568710359408,7.470655308479253,2.4849066497880004,0,0,0,0,0,0,0,1,0
TAMAN JUJUR,Sikamat,Negeri Sembilan,Freehold,143000.0,11,1108.5271317829458,7.011689196136696,2.4849066497880004,0,0,1,0,0,0,0,0,0
TAMAN IMPIAN INDAH,Bukit Mertajam,Penang,Freehold,375000.0,11,1209.6774193548388,7.098935332639326,2.4849066497880004,0,0,0,0,0,0,0,1,0
TAMAN MAWAR,Tanjong Duabelas,Selangor,Freehold,390000.0,11,1780.8219178082193,7.485391669147143,2.4849066497880004,0,0,0,0,0,0,0,1,0
TAMAN BANDAR BARU SP (PKNK),Sungai Petani,Kedah,Freehold,200000.0,11,1041.6666666666667,6.949536812997092,2.4849066497880004,0,0,0,0,0,0,0,1,0
TAMAN IDAMAN,Simpang Ampat,Penang,Freehold,495000.0,11,1655.5183946488294,7.412473326205207,2.4849066497880004,0,0,0,0,0,1,0,1,0
TAMAN PUTERI,Kuching,Sarawak,Leasehold,400000.0,11,2234.63687150838,7.7122814201511005,2.4849066497880004,0,0,0,0,0,0,0,1,0
TAMAN SKUDAI INDAH,Skudai,Johor,Freehold,650000.0,11,1525.8215962441313,7.330943465547127,2.4849066497880004,0,0,1,0,0,0,0,1,0
TAMAN PULAI BAYU,Skudai,Johor,Freehold,900000.0,11,3409.090909090909,8.134494229479655,2.4849066497880004,0,0,1,0,0,1,0,0,0
USJ 20,Subang Jaya,Selangor,Freehold,915000.0,11,1776.6990291262136,7.483075126788092,2.4849066497880004,0,0,0,0,0,0,0,1,0
PERKAMPUNGAN KERTIH,Kerteh,Terengganu,Freehold and Leasehold,360000.0,11,4337.349397590361,8.375249231617403,2.4849066497880004,0,1,0,0,0,1,0,0,0
TAMAN PIASAU,Miri,Sarawak,Leasehold,680000.0,11,5964.912280701755,8.69381726176542,2.4849066497880004,0,1,0,0,0,0,0,0,0
TAMAN INTAN BAIDURI,Batu Caves,Kuala Lumpur,Leasehold,820000.0,11,1855.2036199095023,7.526288616331518,2.4849066497880004,0,0,0,0,0,0,0,1,0
TAMAN AIRPORT,Sandakan,Sabah,Leasehold,400000.0,11,1242.2360248447205,7.125472956706993,2.4849066497880004,0,0,0,0,0,0,0,1,0
TAMAN PULAI FLORA,Skudai,Johor,Freehold,600000.0,11,1680.672268907563,7.427543975476328,2.4849066497880004,0,0,1,0,0,0,0,1,0
TAMAN SENTORIA,Kota Samarahan,Sarawak,Freehold,320000.0,11,1290.3225806451612,7.1634222284534985,2.4849066497880004,0,0,0,0,0,0,0,1,0
SEKSYEN 5 BANDAR BARU BANGI,Bangi,Selangor,Leasehold,360000.0,11,1000.0,6.90875477931522,2.4849066497880004,0,0,0,0,0,0,0,1,0
TAMAN LAKE VIEW,Taiping,Perak,Freehold,405000.0,11,2098.4455958549224,7.649428586883012,2.4849066497880004,0,0,0,0,0,1,0,1,0
SEKSYEN 15 BANDAR BARU BANGI,Bangi,Selangor,Leasehold,550000.0,11,1354.679802955665,7.212058307102912,2.4849066497880004,0,0,0,0,0,0,0,1,0
TAYNTON VIEW,Cheras,Kuala Lumpur,Freehold,625000.0,11,1726.5193370165746,7.454441749221188,2.4849066497880004,0,0,0,0,0,0,0,1,0
TAMAN DESA CEMERLANG,Batu Pahat,Johor,Freehold,439800.0,11,1691.5384615384614,7.433984729218604,2.4849066497880004,0,0,0,0,0,0,0,1,0
TAMAN PUTERA INDAH,Muar,Johor,Freehold,560000.0,11,2162.162162162162,7.6793263940916345,2.4849066497880004,0,0,0,0,0,1,0,1,0
BANDAR PULAI JAYA,Simpang Pulai,Perak,Leasehold,310000.0,11,1409.090909090909,7.25140945582638,2.4849066497880004,0,0,0,0,0,0,0,1,0
MUTIARA RESIDENCE,Jitra,Kedah,Freehold,410400.0,11,1537.0786516853932,7.3382892876952255,2.4849066497880004,0,0,0,0,0,1,0,1,0
TAMAN BUKIT MELAKA,Bukit Baru,Melaka,Freehold,438000.0,11,1929.5154185022027,7.565542302464524,2.4849066497880004,0,0,0,0,0,0,0,1,0
TAMAN PAHLAWAN,Telok Panglima Garang,Selangor,Freehold,365000.0,11,1317.6895306859205,7.184393742664765,2.4849066497880004,0,0,0,0,0,1,0,1,0
TAMAN SAGA,Senai,Johor,Freehold,270000.0,11,1042.4710424710424,6.950307975745089,2.4849066497880004,0,0,0,0,0,0,0,1,0
TAMAN ANGGERIK,Tampoi,Johor,Freehold,335000.0,11,938.3753501400561,6.845215133244421,2.4849066497880004,0,0,0,0,0,0,0,1,0
TAMAN DESA IDAMAN,Durian Tunggal,Melaka,Freehold,320000.0,11,1702.127659574468,7.440221639435398,2.4849066497880004,0,0,0,0,0,0,0,1,0
TAMAN BANANG HEIGHTS,Batu Pahat,Johor,Freehold,410000.0,11,1614.1732283464567,7.387197492038615,2.4849066497880004,0,0,0,0,0,0,0,1,0
DIAMOND RESIDENCE,Semenyih,Selangor,Freehold,675000.0,11,1844.2622950819673,7.520376711726171,2.4849066497880004,0,0,0,0,0,1,0,1,0
TAMAN KERIAN INDAH,Parit Buntar,Perak,Freehold,498800.0,11,1397.1988795518207,7.242940172727128,2.4849066497880004,0,0,0,0,0,0,0,1,0
TAMAN SRI LALANG,Kota Tinggi,Johor,Freehold,340000.0,11,2035.9281437125749,7.6191981400585,2.4849066497880004,0,0,0,0,0,0,0,1,0
TAMAN TASEK,Johor Bahru,Johor,Freehold,615000.0,11,2460.0,7.8083230503910555,2.4849066497880004,0,0,0,0,0,1,0,1,0
TAMAN SEROJA,Sepang,Selangor,Leasehold,400000.0,11,2564.102564102564,7.849753742810349,2.4849066497880004,0,0,0,0,0,0,0,1,0
BANDAR SERI EHSAN,Tanjong Duabelas,Selangor,Leasehold,300000.0,11,1435.4066985645934,7.269899925780621,2.4849066497880004,0,0,0,0,0,0,0,1,0
TAMAN JELITA BLOK 30,Miri,Sarawak,Leasehold,180000.0,11,1005.586592178771,6.914320274343725,2.4849066497880004,0,0,0,0,0,0,0,1,0
TAMAN PERWIRA INDAH,Simpang Ampat,Penang,Freehold,440000.0,11,1301.775147928994,7.172251997328969,2.4849066497880004,0,0,0,0,0,0,0,1,0
KINGFISHER PARK PH2,Kota Kinabalu,Sabah,Leasehold,950000.0,11,3710.9375,8.21930925647986,2.4849066497880004,0,0,0,0,0,1,0,1,0
Taman Daya - Jalan Nibong 28,Tebrau,Johor,Freehold,150000.0,11,570.3422053231939,6.347988338939399,2.4849066497880004,0,0,0,0,1,0,0,0,0
PKNS Seksyen 24,Shah Alam,Selangor,Leasehold,212000.0,11,726.027397260274,6.588964162188333,2.4849066497880004,0,0,0,0,1,0,0,0,0
Taman Mawar,Sandakan,Sabah,Leasehold,125000.0,11,548.2456140350877,6.308545725862036,2.4849066497880004,0,0,0,0,1,0,0,0,0
Utama @ Utropolis,Batu Kawan,Penang,Freehold,320000.0,11,509.5541401273885,6.235496685120345,2.4849066497880004,0,0,0,0,0,0,1,0,0
Anggerik Villa 2,Kajang,Selangor,Freehold,220000.0,11,1111.111111111111,7.0140153898827995,2.4849066497880004,1,0,0,0,0,0,0,0,0
Miharja (LRT Maluri),Cheras,Kuala Lumpur,Leasehold,245000.0,11,803.2786885245902,6.689945836635674,2.4849066497880004,0,0,0,0,1,0,0,0,0
Petrie Condominium,Johor Bahru,Johor,Freehold,499000.0,11,1788.5304659498208,7.4897085549004,2.4849066497880004,0,0,0,1,0,0,0,0,0
USJ One Avenue Condo,Subang Jaya,Selangor,Leasehold,500000.0,11,1344.0860215053763,7.204213246500383,2.4849066497880004,0,0,0,1,0,0,0,0,0
Sri Cempaka,Puchong,Selangor,Freehold,380000.0,11,806.7940552016985,6.694307143856998,2.4849066497880004,1,0,0,0,0,0,0,0,0
Iskandar Residences,Iskandar Puteri (Nusajaya),Johor,Freehold,873000.0,11,1452.5790349417637,7.28178409412556,2.4849066497880004,0,0,0,1,0,0,0,0,0
D'Rich Executive Suites,Iskandar Puteri (Nusajaya),Johor,Freehold,400000.0,11,956.9377990430622,6.864782847932954,2.4849066497880004,1,0,0,0,0,0,0,0,0
Sri Impian Apartment,Ayer Itam,Penang,Leasehold,278000.0,11,709.1836734693877,6.565523631606879,2.4849066497880004,1,0,0,0,0,0,0,0,0
Sri Alam Condominium,Shah Alam,Selangor,Leasehold,450000.0,11,1388.888888888889,7.236979086878522,2.4849066497880004,0,0,0,1,0,0,0,0,0
Taman Lone Pine (Medium Low Cost),Ayer Itam,Penang,Freehold,250000.0,11,573.394495412844,6.353316434493186,2.4849066497880004,1,0,0,0,0,0,0,0,0
De Tropicana,Kuchai Lama,Kuala Lumpur,Leasehold,280000.0,11,975.609756097561,6.884087141437953,2.4849066497880004,0,0,0,1,0,0,0,0,0
Taman Lembah Maju,Ampang,Selangor,Leasehold,158000.0,11,810.2564102564103,6.698584169689898,2.4849066497880004,1,0,0,0,0,0,0,0,0
Abadi Villa,Taman Desa,Kuala Lumpur,Leasehold,450000.0,11,1216.2162162162163,7.104321740490937,2.4849066497880004,0,0,0,1,0,0,0,0,0
Cheras Ria,Cheras,Kuala Lumpur,Freehold,138000.0,11,570.2479338842975,6.347823325369134,2.4849066497880004,0,0,0,0,1,0,0,0,0
Bandar Baru Ampang,Ampang,Selangor,Leasehold,139900.0,11,575.7201646090535,6.357357165519111,2.4849066497880004,0,0,0,0,1,0,0,0,0
Villa Bestari Apartment,Iskandar Puteri (Nusajaya),Johor,Freehold,380000.0,11,1162.079510703364,7.058826517080606,2.4849066497880004,1,0,0,0,0,0,0,0,0
7 Tree Seven Residence,Cheras,Selangor,Freehold,400000.0,11,992.5558312655087,6.901290256955943,2.4849066497880004,0,0,0,1,0,0,0,0,0
Sunway Court,Bandar Sunway,Selangor,Leasehold,380000.0,11,969.3877551020408,6.8776957391475495,2.4849066497880004,1,0,0,0,0,0,0,0,0
Skudai Villa,Skudai,Johor,Freehold,370000.0,11,1107.7844311377246,7.011019587155355,2.4849066497880004,0,0,0,1,0,0,0,0,0
18 Madge,Ampang Hilir,Kuala Lumpur,Freehold,3200728.0,11,2614.97385620915,7.86939171872331,2.4849066497880004,0,0,0,1,0,0,0,0,0
Koi Tropika,Puchong,Selangor,Leasehold,470000.0,11,1023.9651416122005,6.932413882810998,2.4849066497880004,0,0,0,0,0,0,1,0,0
Ria 2 Apartment,Masai,Johor,Freehold,210000.0,11,807.6923076923077,6.695418508114294,2.4849066497880004,1,0,0,0,0,0,0,0,0
Aman Puri Apartment,Kepong,Selangor,Freehold,320000.0,11,906.5155807365439,6.810710734847318,2.4849066497880004,1,0,0,0,0,0,0,0,0
Casa Ria,Cheras,Kuala Lumpur,Leasehold,400000.0,11,1020.4081632653061,6.928937506413157,2.4849066497880004,0,0,0,1,0,0,0,0,0
Desa Villa Condominium,Taman Desa,Kuala Lumpur,Freehold,485000.0,11,1163.0695443645084,7.05967737252428,2.4849066497880004,0,0,0,1,0,0,0,0,0
Pauh Damai,Bukit Mertajam,Penang,Freehold,200000.0,11,634.9206349206349,6.4550737676928325,2.4849066497880004,0,0,0,0,1,0,0,0,0
Zennith Suites (Pangsapuri Kebun Teh),Johor Bahru,Johor,Leasehold,225000.0,11,461.0655737704918,6.135706815578145,2.4849066497880004,1,0,0,0,0,0,0,0,0
Hillview Loft,Batu Pahat,Johor,Freehold,320000.0,11,1056.1056105610562,6.963289896263187,2.4849066497880004,0,0,0,1,0,0,0,0,0
Prai Inai,Perai,Penang,Freehold,280000.0,11,891.71974522293,6.79427269648325,2.4849066497880004,1,0,0,0,0,0,0,0,0
Le Yuan Residence,Jalan Klang Lama (Old Klang Road),Kuala Lumpur,Freehold,840000.0,11,1552.6802218114603,7.348381732282402,2.4849066497880004,0,0,0,1,0,0,0,0,0
Desa Sri Puteri,Desa Petaling,Kuala Lumpur,Leasehold,130000.0,11,601.8518518518518,6.40167148138717,2.4849066497880004,0,0,0,0,1,0,0,0,0
The Oval,Klcc,Kuala Lumpur,Freehold,4045824.0,11,3897.7109826589594,8.268401260217933,2.4849066497880004,0,0,0,0,0,0,1,0,0
The Westside One,Desa Parkcity,Kuala Lumpur,Freehold,1380000.0,11,1753.4942820838628,7.469935936017596,2.4849066497880004,0,0,0,1,0,0,0,0,0
Taman Air Itam,Ayer Itam,Penang,Freehold,270000.0,11,671.6417910447761,6.511212930954276,2.4849066497880004,0,0,0,0,1,0,0,0,0
Gemilang Indah,Jalan Klang Lama (Old Klang Road),Kuala Lumpur,Freehold,265000.0,11,843.9490445859873,6.739276323273815,2.4849066497880004,0,0,0,1,0,0,0,0,0
P' Residence,Kuching,Sarawak,Leasehold,470000.0,11,1151.9607843137255,7.0500885078205,2.4849066497880004,0,0,0,1,0,0,0,0,0
Anjali North Kiara,Segambut,Kuala Lumpur,Freehold,1050000.0,11,1696.2843295638127,7.436784799557737,2.4849066497880004,0,0,0,1,0,0,0,0,0
Lily & Jasmine Apartment,Tampoi,Johor,Leasehold,285000.0,11,1000.0,6.90875477931522,2.4849066497880004,1,0,0,0,0,0,0,0,0
Apartment Harmoni,Damansara Damai,Selangor,Leasehold,133000.0,11,648.780487804878,6.4766345947830395,2.4849066497880004,0,0,0,0,1,0,0,0,0
The Place @ Cyberjaya,Cyberjaya,Selangor,Freehold,170000.0,11,559.2105263157895,6.32831265293114,2.4849066497880004,0,0,0,0,0,0,1,0,0
Mawar Apartment,Genting Highlands,Pahang,Freehold,550000.0,11,846.1538461538462,6.741882314703408,2.4849066497880004,1,0,0,0,0,0,0,0,0
Molek Pine 1,Johor Bahru,Johor,Freehold,520000.0,11,1452.513966480447,7.281739328814442,2.4849066497880004,1,0,0,0,0,0,0,0,0
Ketumbar Hill,Cheras,Kuala Lumpur,Freehold,350000.0,11,953.6784741144414,6.861374607472578,2.4849066497880004,0,0,0,1,0,0,0,0,0
Apartment Seri Bakawali,Serendah,Selangor,Freehold,36000.0,11,666.6666666666666,6.503789046997708,2.4849066497880004,1,0,0,0,0,0,0,0,0
Glory Beach Resort,Port Dickson,Negeri Sembilan,Freehold,300000.0,11,934.5794392523364,6.841166058466342,2.4849066497880004,0,0,0,1,0,0,0,0,0
Taman Bukit Erskine,Tanjong Tokong,Penang,Freehold,268000.0,11,653.6585365853658,6.484113781511398,2.4849066497880004,1,0,0,0,0,0,0,0,0
Bayu Villa,Klang,Selangor,Freehold,300000.0,11,867.0520231213873,6.766251647335996,2.4849066497880004,1,0,0,0,0,0,0,0,0
Warisan City View,Cheras,Kuala Lumpur,Leasehold,410000.0,11,909.0909090909091,6.813544494621113,2.4849066497880004,0,0,0,1,0,0,0,0,0
Stulang Laut,Johor Bahru,Johor,Leasehold,200000.0,11,757.5757575757576,6.631442671949755,2.4849066497880004,0,0,0,0,1,0,0,0,0
Holiday Place (D-Villa Residence),Ampang,Kuala Lumpur,Freehold,400000.0,11,928.0742459396752,6.834188655899904,2.4849066497880004,0,0,0,0,0,0,1,0,0
D'Piazza,Bayan Baru,Penang,Freehold,485000.0,11,936.2934362934363,6.842996398946993,2.4849066497880004,0,0,0,1,0,0,0,0,0
Swiss Garden Residences,Bukit Bintang,Kuala Lumpur,Freehold,510000.0,11,565.410199556541,6.339318549909007,2.4849066497880004,0,0,0,0,0,0,1,0,0
Nautica Lake Suites,Bandar Sunway,Selangor,Leasehold,830000.0,11,1596.1538461538462,7.375978478048436,2.4849066497880004,0,0,0,1,0,0,0,0,0
Prominence,Bukit Mertajam,Penang,Freehold,470000.0,11,1270.2702702702702,7.147771892384336,2.4849066497880004,0,0,0,1,0,0,0,0,0
Prisma Cheras,Cheras,Kuala Lumpur,Freehold,426000.0,11,1176.7955801104972,7.071399817837864,2.4849066497880004,0,0,0,1,0,0,0,0,0
The Grand Subang Jaya SS13,Subang Jaya,Selangor,Freehold,455000.0,11,517.0454545454545,6.25006298849742,2.4849066497880004,0,0,0,0,0,0,1,0,0
Vista Bayu,Klang,Selangor,Freehold,300000.0,11,1071.4285714285713,6.977681048517689,2.4849066497880004,1,0,0,0,0,0,0,0,0
Pusat Komersial Seksyen 7,Shah Alam,Selangor,Leasehold,300000.0,11,797.8723404255319,6.683201158815202,2.4849066497880004,0,0,0,0,1,0,0,0,0
Bistari Lavender Condominium,City Centre,Kuala Lumpur,Freehold,460000.0,11,1103.1175059952038,7.006801657762927,2.4849066497880004,0,0,0,1,0,0,0,0,0
The Wadihana,Johor Bahru,Johor,Freehold,528000.0,11,1748.3443708609273,7.466996351498178,2.4849066497880004,0,0,0,1,0,0,0,0,0
Batu Caves Centerpoint,Batu Caves,Selangor,Freehold,170000.0,11,671.9367588932806,6.5116513562743625,2.4849066497880004,0,0,0,0,1,0,0,0,0
Sun Moon City,Ayer Itam,Penang,Freehold,138000.0,11,594.8275862068965,6.389951340326648,2.4849066497880004,0,0,0,0,1,0,0,0,0
Sri Lempah,Taman Desa,Kuala Lumpur,Leasehold,197000.0,11,558.0736543909348,6.3262812254609555,2.4849066497880004,0,0,0,0,1,0,0,0,0
Fairway Suites,Iskandar Puteri (Nusajaya),Johor,Freehold,465000.0,11,1021.978021978022,6.930473281828393,2.4849066497880004,0,0,0,1,0,0,0,0,0
The Riviera,Ampang,Selangor,Leasehold,210000.0,11,937.5,6.844282856026563,2.4849066497880004,1,0,0,0,0,0,0,0,0
Tiffani Kiara,Mont Kiara,Kuala Lumpur,Freehold,1120000.0,11,1996.4349376114083,7.599619105200771,2.4849066497880004,0,0,0,1,0,0,0,0,0
Alpine Village,Tambun,Perak,Leasehold,250000.0,11,871.0801393728223,6.770881322636646,2.4849066497880004,1,0,0,0,0,0,0,0,0
Tun Perak,Melaka City,Melaka,Leasehold,478000.0,11,1086.3636363636363,6.991511363251094,2.4849066497880004,1,0,0,0,0,0,0,0,0
Genting Permai Resort,Bentong,Pahang,Freehold,210000.0,11,704.6979865771812,6.559187364916674,2.4849066497880004,1,0,0,0,0,0,0,0,0
Casa Desa,Taman Desa,Kuala Lumpur,Freehold,540000.0,11,1221.7194570135746,7.108832720177678,2.4849066497880004,0,0,0,1,0,0,0,0,0
Taman Merak Jaya,Simpang Ampat,Penang,Freehold,100000.0,11,537.6344086021505,6.289037063598991,2.4849066497880004,0,0,0,0,1,0,0,0,0
Pavilion Residences,Bukit Bintang,Kuala Lumpur,Leasehold,5460000.0,11,3603.960396039604,8.190066063816708,2.4849066497880004,0,0,0,0,0,0,1,0,0
Skyvilla Residences,Kuching,Sarawak,Leasehold,450000.0,11,1125.0,7.026426808699636,2.4849066497880004,0,0,0,1,0,0,0,0,0
Birchwood Court,Rawang,Selangor,Leasehold,165000.0,11,797.1014492753624,6.682235718787297,2.4849066497880004,0,0,0,0,1,0,0,0,0
MJC Courtyard Sanctuary,Kuching,Sarawak,Leasehold,295000.0,11,855.072463768116,6.752355026493515,2.4849066497880004,1,0,0,0,0,0,0,0,0
Taman Orkid,Cheras,Selangor,Freehold,165000.0,11,756.8807339449542,6.630526030182115,2.4849066497880004,0,0,0,0,1,0,0,0,0
Cempaka,Serendah,Selangor,Leasehold,85000.0,11,726.4957264957264,6.589608124795716,2.4849066497880004,1,0,0,0,0,0,0,0,0
Taman Inderawasih,Perai,Penang,Freehold,70000.0,11,526.3157894736842,6.267799590092823,2.4849066497880004,0,0,0,0,1,0,0,0,0
Tree Sparina,Bayan Lepas,Penang,Freehold,639700.0,11,1213.851992409867,7.10237753140775,2.4849066497880004,0,0,0,1,0,0,0,0,0
Garden Plaza,Cyberjaya,Selangor,Freehold,210000.0,11,506.0240963855422,6.22855852984945,2.4849066497880004,0,0,0,0,0,0,1,0,0
Widuri Apartment,Butterworth,Penang,Freehold,220000.0,11,748.2993197278912,6.619138529493023,2.4849066497880004,1,0,0,0,0,0,0,0,0
Impian Sentosa,Klang,Selangor,Freehold,300000.0,11,753.7688442211055,6.626411535775902,2.4849066497880004,1,0,0,0,0,0,0,0,0
The Rainz,Bukit Jalil,Kuala Lumpur,Freehold,950000.0,11,1529.790660225443,7.333539652295309,2.4849066497880004,0,0,0,1,0,0,0,0,0
Pertiwi Indah,Cheras,Kuala Lumpur,Leasehold,450000.0,11,1212.9380053908355,7.101624903915869,2.4849066497880004,0,0,0,1,0,0,0,0,0
Mahsuri Square,Bayan Baru,Penang,Leasehold,498000.0,11,1046.218487394958,6.95389286856033,2.4849066497880004,0,0,0,1,0,0,0,0,0
Halaman Kenanga,Sungai Dua,Penang,Leasehold,250000.0,11,666.6666666666666,6.503789046997708,2.4849066497880004,1,0,0,0,0,0,0,0,0
Grandeur Tower,Ampang,Selangor,Leasehold,305000.0,11,947.2049689440994,6.854570690850933,2.4849066497880004,1,0,0,0,0,0,0,0,0
Frinza Court,Johor Bahru,Johor,Freehold,350000.0,11,1346.1538461538462,7.205749383811128,2.4849066497880004,1,0,0,0,0,0,0,0,0
Puncak Seri Kelana,Ara Damansara,Selangor,Leasehold,420000.0,11,1050.0,6.957497370876951,2.4849066497880004,0,0,0,1,0,0,0,0,0
Concerto North Kiara,Dutamas,Kuala Lumpur,Freehold,1765800.0,11,1934.0635268346111,7.56789543533046,2.4849066497880004,0,0,0,1,0,0,0,0,0
Suria @ Hijau E-Komuniti,Batu Kawan,Penang,Leasehold,330000.0,11,990.990990990991,6.899714025581327,2.4849066497880004,1,0,0,0,0,0,0,0,0
Taman Desa Cheras,Cheras,Kuala Lumpur,Freehold,110000.0,11,666.6666666666666,6.503789046997708,2.4849066497880004,0,0,0,0,1,0,0,0,0
Mutiara Ville,Cyberjaya,Selangor,Freehold,400000.0,11,1000.0,6.90875477931522,2.4849066497880004,0,0,0,0,0,0,1,0,0
Ascenda Residence @ Skyarena,Setapak,Kuala Lumpur,Leasehold,493000.0,11,1083.5164835164835,6.988889529336746,2.4849066497880004,0,0,0,1,0,0,0,0,0
Hann's Residence,Sibu,Sarawak,Leasehold,450000.0,11,758.8532883642496,6.633125373019457,2.4849066497880004,1,0,0,0,0,0,0,0,0
Menara Avenue (Menara Promenade),Klcc,Kuala Lumpur,Freehold,430000.0,11,936.8191721132897,6.843557150158704,2.4849066497880004,0,0,0,1,0,0,0,0,0
Paramount Utropolis,Glenmarie,Selangor,Freehold,560000.0,11,790.9604519774011,6.674511456195695,2.4849066497880004,0,0,0,0,0,0,1,0,0
Pangsapuri Cempaka,Puchong,Selangor,Freehold,162500.0,11,650.0,6.478509642208569,2.4849066497880004,0,0,0,0,1,0,0,0,0
Taman Daya - Jalan Sagu 34,Tebrau,Johor,Freehold,150000.0,11,657.8947368421053,6.490563790093222,2.4849066497880004,0,0,0,0,1,0,0,0,0
BANDAR SUNWAY SEMENYIH,Semenyih,Selangor,Freehold,561000.0,10,2025.2707581227437,7.613952317598394,2.3978952727983707,0,0,0,0,0,0,0,1,0
TAMAN MERANTI JAYA,Puchong,Selangor,Freehold,1075000.0,10,2263.157894736842,7.724958178382787,2.3978952727983707,0,0,0,0,0,0,0,1,0
TAMAN CEMPAKA INDAH,Teloi Kiri,Kedah,Freehold,195000.0,10,1598.360655737705,7.377359238206514,2.3978952727983707,0,0,0,0,0,1,0,1,0
TAMAN SRI HARTAMAS,Sri Hartamas,Kuala Lumpur,Freehold,1807500.0,10,2087.1824480369514,7.64404932451322,2.3978952727983707,0,0,0,0,0,0,0,1,0
TAMAN KASA HEIGHTS,Alor Gajah,Melaka,Freehold,205000.0,10,1184.971098265896,7.078317210176335,2.3978952727983707,0,0,1,0,0,0,0,1,1
RPA BEMBAN II,Batu Gajah,Perak,Leasehold,97500.0,10,1266.2337662337663,7.144591667038619,2.3978952727983707,0,0,0,0,0,0,0,1,0
TAMAN BIDARA,Bukit Mertajam,Penang,Freehold,279000.0,10,989.3617021276596,6.898070232087004,2.3978952727983707,0,0,0,0,0,0,0,1,0
TAMAN SERI PAYA RUMPUT,Sungei Baru Tengah,Melaka,Freehold,260000.0,10,1494.2528735632184,7.310050617717315,2.3978952727983707,0,0,0,0,0,0,0,1,0
SUBANG BESTARI,Shah Alam,Selangor,Leasehold,690000.0,10,1666.6666666666667,7.419180722820095,2.3978952727983707,0,0,0,0,0,1,0,1,0
TAMAN KOTA SARANG SEMUT,Kota Sarang Semut,Kedah,Freehold,225000.0,10,1300.578034682081,7.171332680134038,2.3978952727983707,0,0,0,0,0,0,0,1,0
TAMAN IMPIAN PUTRA,Bangi,Selangor,Leasehold,440000.0,10,1205.4794520547946,7.095461853883831,2.3978952727983707,0,0,0,0,0,0,0,1,0
TAMAN DESA DUYUNG,Duyong,Melaka,Freehold and Leasehold,245000.0,10,1310.1604278074867,7.178667846839571,2.3978952727983707,0,0,0,0,0,0,0,1,0
DESA PANTAI INDAH,Teluk Kumbar,Penang,Freehold,750000.0,10,1399.2537313432836,7.244408735855742,2.3978952727983707,0,0,0,0,0,0,0,1,0
TAMAN SERI KERAMAT,Ulu Klang,Selangor,Leasehold,640000.0,10,1782.7298050139275,7.486461847080944,2.3978952727983707,0,0,0,0,0,0,0,1,0
TAMAN SERING UKAY,Ulu Klang,Selangor,Freehold,1260000.0,10,2062.1931260229135,7.632010122854971,2.3978952727983707,0,0,0,0,0,0,0,1,0
TAMAN MANIS,Batu Pahat,Johor,Freehold,220000.0,10,1134.020618556701,7.034406095879753,2.3978952727983707,0,0,0,0,0,1,0,1,0
TAMAN TAN YEW LAI,Jalan Klang Lama (Old Klang Road),Kuala Lumpur,Freehold,575000.0,10,1378.8968824940048,7.229764052528929,2.3978952727983707,0,0,0,0,0,0,0,1,0
TAMAN KERAMAT PERMAI,Ulu Klang,Selangor,Leasehold,600000.0,10,1327.4336283185842,7.191755804086258,2.3978952727983707,0,0,0,0,0,0,0,1,0
BANDAR NUSA RHU,Shah Alam,Selangor,Leasehold,591500.0,10,1478.75,7.299628433570835,2.3978952727983707,0,1,0,0,0,0,0,1,0
SS4 PETALING JAYA,Petaling Jaya,Selangor,Freehold,842500.0,10,1784.957627118644,7.487710036137445,2.3978952727983707,0,0,0,0,0,1,0,1,0
TAMAN LANGAT UTAMA 2,Tanjong Duabelas,Selangor,Leasehold,435000.0,10,1782.7868852459017,7.486493847061286,2.3978952727983707,0,0,0,0,0,0,0,1,0
TAMAN CAHAYA KRISTAL II,Bandar Baharu,Kedah,Freehold,438488.0,10,2884.7894736842104,7.967553789231654,2.3978952727983707,0,0,0,0,0,1,0,0,0
TAMAN SEMANTAN INDAH,Mentakab,Pahang,Freehold,257500.0,10,1763.6986301369864,7.475735206990591,2.3978952727983707,0,0,0,0,0,0,0,1,0
BANDAR SEJAHTERA FASA 3,Pokok Sena,Kedah,Freehold,408900.0,10,2621.153846153846,7.871751337718211,2.3978952727983707,0,0,1,0,0,0,0,1,0
TAMAN SCIENTEX UTAMA,Kulai,Johor,Freehold,500000.0,10,1173.7089201877934,7.068775668388984,2.3978952727983707,0,0,0,0,0,0,0,1,0
TAMAN PAHLAWAN 2,Gemas,Negeri Sembilan,Freehold,350000.0,10,1422.7642276422764,7.261059507787687,2.3978952727983707,0,0,0,0,0,0,0,1,0
TAMAN SERI SEMENTA,Kapar,Selangor,Leasehold,332500.0,10,1351.6260162601627,7.209803179215927,2.3978952727983707,0,0,0,0,0,0,0,1,0
"TAMAN OSCAR, SUNGAI BESAR",Sungai Besar,Selangor,Leasehold,343440.0,10,2336.326530612245,7.756763046906249,2.3978952727983707,0,0,0,0,0,0,0,1,0
TAMAN PADANG TEMU PERMATA,Melaka City,Melaka,Freehold,250000.0,10,1700.6802721088436,7.439371437261383,2.3978952727983707,0,0,0,0,0,1,0,1,0
TAMAN MENGKUANG JAYA,Bukit Mertajam,Penang,Freehold,512500.0,10,1472.7011494252874,7.295532304177716,2.3978952727983707,0,0,0,0,0,1,0,1,0
TAMAN KULIM SQUARE,Lunas,Kedah,Freehold,445000.0,10,1648.148148148148,7.408014159729788,2.3978952727983707,0,0,0,0,0,1,0,0,0
"TAMAN MESRA, OFF JALAN SUNGAI JATI",Klang,Selangor,Freehold,506100.0,10,1450.1432664756446,7.280106984381986,2.3978952727983707,0,0,0,0,0,1,0,1,0
TAMAN WANGSA INDAH,Batu Pahat,Johor,Freehold,646076.0,10,2077.4147909967846,7.639360762421413,2.3978952727983707,0,0,0,0,0,1,0,1,0
TAMAN MEGA RIA 2,Tangkak,Johor,Freehold,100000.0,10,961.5384615384615,6.8695740254035185,2.3978952727983707,0,0,0,0,0,0,0,1,0
TAMAN NESA DELIMA,Rantau,Negeri Sembilan,Freehold,401531.0,10,2807.909090909091,7.940551463073625,2.3978952727983707,0,0,0,0,0,1,0,0,0
TAMAN SERI ROTAN,Kuala Kedah,Kedah,Freehold,379505.0,10,2581.6666666666665,7.856577735858777,2.3978952727983707,0,0,0,0,0,1,0,0,0
SAMARIANG AMAN,Kuching,Sarawak,Leasehold,372500.0,10,1881.3131313131314,7.540256688512105,2.3978952727983707,0,0,0,0,0,0,0,1,0
TAMAN PGBF HARMONI PASIR BESAR,Gemas,Negeri Sembilan,Leasehold,90000.0,10,1406.25,7.249392724344136,2.3978952727983707,0,0,0,0,0,0,0,1,0
RESIDENSI EMERALD DAMAI (EMERALD HILLS),Cheras,Kuala Lumpur,Freehold,1770000.0,10,1809.8159509202453,7.501532824292747,2.3978952727983707,0,0,0,0,0,0,0,1,0
P/L : 2195 (PT24541-PT24570),Sungai Karang,Pahang,Freehold,380000.0,10,3140.495867768595,8.052454356473234,2.3978952727983707,0,0,0,0,0,1,0,0,0
P/L 3487(LABU),Sepang,Selangor,Leasehold,395000.0,10,1872.0379146919431,7.535316945000521,2.3978952727983707,0,0,0,0,0,0,0,1,0
TAMAN RAMAL KLASIK,Kajang,Selangor,Freehold,752400.0,10,1341.1764705882354,7.202047807089354,2.3978952727983707,0,0,0,0,0,0,0,1,0
IDAMAN GRAND RESIDENCE/SENTOSA IDAMAN,Klang,Selangor,Freehold,1205000.0,10,2265.0375939849623,7.72578803191148,2.3978952727983707,0,0,0,0,0,0,0,1,0
TAMAN MH PERMATANG BADAK FASA 6 (P/L30398),Kuantan,Pahang,Freehold,289000.0,10,1570.6521739130435,7.359882685092697,2.3978952727983707,0,0,0,0,0,1,0,1,0
TAMAN MUHIBAH FASA 16,Merlimau,Melaka,Freehold,398800.0,10,2712.925170068027,7.906151268190102,2.3978952727983707,0,0,1,0,0,0,0,0,0
TAMAN DENAI HIJAU,Gerik,Perak,Freehold,265000.0,10,1402.116402116402,7.246451043244247,2.3978952727983707,0,0,0,0,0,0,0,1,0
TAMAN BUKIT TUNKU,Kulim,Kedah,Freehold,383000.0,10,1582.6446280991736,7.3674841962564415,2.3978952727983707,0,0,0,0,0,0,0,1,0
"TAMAN SRI JAYA, SRI AMAN",Sri Aman,Sarawak,Freehold and Leasehold,295000.0,10,2783.0188679245284,7.931650798703086,2.3978952727983707,0,0,0,0,0,0,0,1,0
TAMAN SIKAMAT PERDANA,Sikamat,Negeri Sembilan,Freehold and Leasehold,356500.0,10,1443.31983805668,7.275393789425572,2.3978952727983707,0,0,0,0,0,0,0,1,0
TAMAN ARMANI SUNGAI PANDAN 2 (PL8492),Kuantan,Pahang,Freehold,266500.0,10,1522.857142857143,7.32899999357017,2.3978952727983707,0,0,0,0,0,0,0,1,0
ARDEN HILL @SEREMBAN FOREST HEIGHTS,Ampangan,Negeri Sembilan,Freehold,614500.0,10,1470.0956937799042,7.293762772040886,2.3978952727983707,0,0,0,0,0,0,0,1,0
TAMAN KUANTAN JAYA,Kuantan,Pahang,Leasehold,285000.0,10,1727.2727272727273,7.454877765193256,2.3978952727983707,0,0,0,0,0,0,0,1,0
TAMAN RAMBAI TENGAH SENTOSA,Bukit Rambai,Melaka,Freehold,422300.0,10,3351.5873015873017,8.117487655558703,2.3978952727983707,0,0,0,0,0,1,0,0,0
TAMAN BUKIT KEMAYAN (KEMAYAN HEIGHTS),Rasah,Negeri Sembilan,Freehold,1103000.0,10,3292.5373134328356,8.099717437432947,2.3978952727983707,0,0,0,0,0,1,0,0,0
TAMAN PERMAI INDAH FASA 2,Kuala Lipis,Pahang,Freehold,326300.0,10,2837.391304347826,7.950992728535253,2.3978952727983707,0,0,0,0,0,1,0,1,0
MAHKOTA IMPIAN (P/L 164414),Kuantan,Pahang,Freehold,314500.0,10,1860.9467455621302,7.529377856763199,2.3978952727983707,0,0,0,0,0,0,0,1,0
TAMAN CEMPAKA [SENAWANG],Senawang,Negeri Sembilan,Leasehold,295000.0,10,1316.9642857142858,7.183843617361691,2.3978952727983707,0,0,0,0,0,0,0,1,0
TAMAN KUCAI INDAH II,Lunas,Kedah,Freehold,490000.0,10,1617.1617161716172,7.389046040814072,2.3978952727983707,0,0,0,0,0,1,0,1,0
YARRA PARK SPRINGFIELD,Sungai Petani,Kedah,Freehold,357900.0,10,1536.0515021459228,7.337621251204874,2.3978952727983707,0,0,0,0,0,0,0,1,0
BB SETIA AWAN PERDANA RESIDEN 1,Sitiawan,Perak,Freehold,220000.0,10,1594.2028985507247,7.374756216251262,2.3978952727983707,0,0,1,0,0,0,0,1,0
TAMAN SUNGAI SERDANG JAYA,Kapar,Selangor,Freehold,504850.0,10,3135.714285714286,8.050931125214024,2.3978952727983707,0,0,0,0,0,1,0,0,0
DAHLIA GARDEN,Simpang Ampat,Penang,Freehold,627000.0,10,1357.142857142857,7.213873499303717,2.3978952727983707,0,0,0,0,0,0,0,1,0
TAMAN LUKUT ERA,Lukut,Negeri Sembilan,Freehold,418000.0,10,1926.2672811059908,7.56385836201651,2.3978952727983707,0,0,0,0,0,0,0,1,0
TAMAN SINAR PELANGI,Batu Pahat,Johor,Freehold,594150.0,10,1742.375366568915,7.463578378942787,2.3978952727983707,0,0,0,0,0,0,0,1,0
TAMAN PERMAI PUTEH,Tronoh,Perak,Leasehold,305000.0,10,1399.0825688073394,7.244286491583761,2.3978952727983707,0,0,0,0,0,0,0,1,0
TAMAN PENAGA INDAH,Penaga,Penang,Freehold,499000.0,10,2331.7757009345796,7.754814125494049,2.3978952727983707,0,0,0,0,0,1,0,0,0
TAMAN PD RESTU,Port Dickson,Negeri Sembilan,Freehold,292045.0,10,1397.3444976076555,7.243044314187729,2.3978952727983707,0,0,0,0,0,0,0,1,0
TAMAN SEMARANG TROPIKA,Dengkil,Selangor,Leasehold,640000.0,10,1400.437636761488,7.245253872120322,2.3978952727983707,0,0,0,0,0,0,0,1,0
TAMAN PERMATANG BAIDURI,Kuala Sungai Baru,Melaka,Freehold,334000.0,10,1546.2962962962963,7.344264361836908,2.3978952727983707,0,0,0,0,0,0,0,1,0
TAMAN DESA INTAN,Kapar,Selangor,Freehold and Leasehold,423250.0,10,1314.44099378882,7.181927244885844,2.3978952727983707,0,0,0,0,0,0,0,1,0
TAMAN JERNIH,Bukit Mertajam,Penang,Freehold,414500.0,10,1256.060606060606,7.1365314222733,2.3978952727983707,0,0,1,0,0,0,0,0,0
GLENMARIE HEIGHTS,Tebrau,Johor,Freehold,906950.0,10,2196.004842615012,7.694850276576543,2.3978952727983707,0,0,0,0,0,0,0,1,0
MUKIM MACHANG,Machang,Kelantan,Freehold,342500.0,10,3530.9278350515465,8.169599129763009,2.3978952727983707,0,1,0,0,0,0,0,0,0
KAMPUNG PANDAN DALAM,Ampang,Selangor,Leasehold,372500.0,10,2910.15625,7.976305618017947,2.3978952727983707,0,1,0,0,0,1,0,0,0
PEKAN BARU,Parit Buntar,Perak,Leasehold,210000.0,10,990.566037735849,6.899285549610645,2.3978952727983707,0,0,0,0,0,1,0,1,0
TAMAN SAUJANA HARMONI,Batu Gajah,Perak,Leasehold,288000.0,10,1600.0,7.3783837129967145,2.3978952727983707,0,0,0,0,0,0,0,1,0
TAMAN SAUJANA SEKSYEN 2 (TAMAN SETIA),Bukit Katil,Melaka,Freehold,200000.0,10,1470.5882352941176,7.294097528698879,2.3978952727983707,0,0,0,0,0,1,0,0,1
TAMAN ILMU,Nibong Tebal,Penang,Freehold,310500.0,10,1237.0517928286852,7.121294288256913,2.3978952727983707,0,0,1,0,0,0,0,1,0
BANDAR BARU KUANTAN PUTRI,Kuantan,Pahang,Leasehold,202500.0,10,1273.5849056603774,7.150375840397062,2.3978952727983707,0,0,0,0,0,0,0,1,0
TAMAN MELAKA BARU FASA 3A,Batu Berendam,Melaka,Leasehold,256500.0,10,1215.6398104265402,7.10384808404278,2.3978952727983707,0,0,0,0,0,0,0,1,0
CYBERIA SMART HOMES,Cyberjaya,Selangor,Freehold,352500.0,10,1686.6028708133972,7.431064381370684,2.3978952727983707,0,0,0,0,0,0,0,0,1
PUTERI RESIDENCE,Sungai Petani,Kedah,Freehold,420000.0,10,3206.1068702290077,8.073124523188126,2.3978952727983707,0,0,0,0,0,1,0,0,0
TAMAN RAUB JAYA 3,Raub,Pahang,Freehold,272500.0,10,1085.6573705179283,6.990861630917949,2.3978952727983707,0,0,0,0,0,0,0,1,0
TAMAN BERCHAM RAYA,Tambun,Perak,Leasehold,194000.0,10,1096.045197740113,7.0003756606481,2.3978952727983707,0,0,0,0,0,0,0,1,0
TAMAN ECO MEADOW,Simpang Ampat,Penang,Freehold,815000.0,10,1529.080675422139,7.333075742030433,2.3978952727983707,0,0,0,0,0,0,0,1,0
TAMAN DESARIA,Nilai,Negeri Sembilan,Freehold,310000.0,10,1751.412429378531,7.468748648689374,2.3978952727983707,0,0,0,0,0,0,0,1,0
BANDAR TIRAM,Ulu Tiram,Johor,Freehold,580000.0,10,1475.8269720101782,7.297651127402349,2.3978952727983707,0,0,0,0,0,0,0,1,0
TAMAN FLORA HEIGHTS,Pasir Gudang,Johor,Freehold,497250.0,10,1738.6363636363637,7.461431383951988,2.3978952727983707,0,0,0,0,0,0,0,1,0
JALAN STAMPIN,Kuching,Sarawak,Leasehold,865000.0,10,3156.934306569343,8.057673392372918,2.3978952727983707,0,1,0,0,0,1,0,0,0
DESA SALAK PEKERTI,Sepang,Selangor,Leasehold,499500.0,10,2497.5,7.82344583078426,2.3978952727983707,0,0,0,0,0,0,0,1,0
BERJAYA PERMAI,Kuantan,Pahang,Leasehold,200000.0,10,2083.3333333333335,7.642204338899188,2.3978952727983707,0,0,0,0,0,1,0,1,0
TAMAN LIP SIN,Sungai Dua,Penang,Freehold,865000.0,10,1451.3422818791946,7.280932898926238,2.3978952727983707,0,0,0,0,0,0,0,1,0
GREENWOOD PARK,Kota Samarahan,Sarawak,Leasehold,341500.0,10,2246.7105263157896,7.717667433289608,2.3978952727983707,0,0,0,0,0,1,0,1,0
TAMAN NUSANTARA,Kuala Kedah,Kedah,Freehold,347500.0,10,1868.279569892473,7.533308378876195,2.3978952727983707,0,0,0,0,0,1,0,1,0
TAMAN GUNUNG PULAI,Kulai,Johor,Freehold,318000.0,10,1035.8306188925083,6.943923857272776,2.3978952727983707,0,0,0,0,0,0,0,1,0
LAMAN INDAH 1,Iskandar Puteri (Nusajaya),Johor,Freehold,385000.0,10,1075.4189944134077,6.981395064937682,2.3978952727983707,0,0,0,0,0,0,0,1,0
MEDAN BEMBAN MESRA,Batu Gajah,Perak,Leasehold,230000.0,10,1402.439024390244,7.246680949464674,2.3978952727983707,0,0,0,0,0,0,0,1,0
TAMAN DELIMA,Tebrau,Johor,Freehold and Leasehold,425000.0,10,1660.15625,7.415269175026452,2.3978952727983707,0,0,0,0,0,1,0,1,0
SEKSYEN 4,Petaling Jaya,Selangor,Leasehold,1237500.0,10,4872.047244094489,8.49147473787028,2.3978952727983707,0,1,0,0,0,0,0,1,0
BUKIT SAUJANA,Ijok,Selangor,Leasehold,700000.0,10,2661.596958174905,7.887057225570553,2.3978952727983707,0,0,0,0,0,1,0,1,0
TAMAN BUNGA MAWAR,Kuching,Sarawak,Leasehold,245000.0,10,1310.1604278074867,7.178667846839571,2.3978952727983707,0,0,0,0,0,0,0,1,0
TAMAN BENTONG MAKMUR,Bentong,Pahang,Freehold,460000.0,10,1488.673139158576,7.306312005182224,2.3978952727983707,0,0,0,0,0,0,0,1,0
RPA RIMBA PANJANG,Sungai Siput,Perak,Leasehold,115000.0,10,1493.5064935064936,7.309551326650314,2.3978952727983707,0,0,0,0,0,0,0,1,0
TAMAN INDAH JAYA,Kluang,Johor,Freehold,240000.0,10,1340.782122905028,7.201753951821243,2.3978952727983707,0,0,0,0,0,0,0,1,0
SETIA IMPIAN 7,Setia Alam,Selangor,Freehold,789000.0,10,1668.076109936575,7.420025524741068,2.3978952727983707,0,0,0,0,0,1,0,0,0
TAMAN SENTOSA IMPIAN,Dengkil,Selangor,Freehold,910500.0,10,3907.725321888412,8.27096659519623,2.3978952727983707,0,0,0,0,0,1,0,0,0
TAMAN PAYA RUMPUT INDAH,Paya Rumput,Melaka,Leasehold,235000.0,10,1424.2424242424242,7.262097200508983,2.3978952727983707,0,0,0,0,0,1,0,1,0
TAMAN BERTAM PUTRA,Tanjong Minyak,Melaka,Freehold,488000.0,10,1569.1318327974277,7.3589148647517435,2.3978952727983707,0,0,0,0,0,0,0,1,0
TAMAN SRI SENAI,Senai,Johor,Freehold,280000.0,10,1007.1942446043165,6.915916133046952,2.3978952727983707,0,0,0,0,0,0,0,1,0
TAMAN ANDALAS JAYA,Klang,Selangor,Freehold,655000.0,10,1597.560975609756,7.376859113289894,2.3978952727983707,0,0,0,0,0,0,0,1,0
TAMAN ANJUNG BERCHAM MEGAH,Ipoh,Perak,Freehold,337500.0,10,1506.6964285714287,7.318338220989488,2.3978952727983707,0,0,0,0,0,0,0,1,0
TAMAN PUNCAK JELAPANG MAJU,Ipoh,Perak,Leasehold,290000.0,10,1487.179487179487,7.305308831223149,2.3978952727983707,0,0,0,0,0,1,0,1,0
TAMAN TIONG UNG SIEW,Sibu,Sarawak,Leasehold,480000.0,10,1764.7058823529412,7.476305822759816,2.3978952727983707,0,0,0,0,0,0,0,1,0
TAMAN DESA RISHAH INDAH,Ipoh,Perak,Leasehold,449000.0,10,1720.3065134099618,7.450838882276553,2.3978952727983707,0,0,0,0,0,0,0,1,0
